timestamp_s,time_hms,active_containers,memory_mb,utilization_percent
0,00:00:00,1,862.0,21.04
30,00:00:30,3,4094.5,99.96
60,00:01:00,3,4094.5,99.96
90,00:01:30,3,4094.5,99.96
120,00:02:00,3,4094.5,99.96
150,00:02:30,3,4094.5,99.96
180,00:03:00,3,4094.5,99.96
210,00:03:30,3,4094.5,99.96
240,00:04:00,3,4094.5,99.96
270,00:04:30,3,4094.5,99.96
300,00:05:00,3,4094.5,99.96
330,00:05:30,3,4094.5,99.96
360,00:06:00,3,4094.5,99.96
390,00:06:30,3,4094.5,99.96
420,00:07:00,3,4094.5,99.96
450,00:07:30,3,4094.5,99.96
480,00:08:00,3,4094.5,99.96
510,00:08:30,3,4094.5,99.96
540,00:09:00,3,4094.5,99.96
570,00:09:30,3,4094.5,99.96
600,00:10:00,3,4094.5,99.96
630,00:10:30,3,4094.5,99.96
660,00:11:00,3,4094.5,99.96
690,00:11:30,3,4094.5,99.96
720,00:12:00,3,4094.5,99.96
750,00:12:30,3,4094.5,99.96
780,00:13:00,3,4094.5,99.96
810,00:13:30,3,4094.5,99.96
840,00:14:00,3,4094.5,99.96
870,00:14:30,3,4094.5,99.96
900,00:15:00,3,4094.5,99.96
930,00:15:30,3,4094.5,99.96
960,00:16:00,3,4094.5,99.96
990,00:16:30,3,4094.5,99.96
1020,00:17:00,3,4094.5,99.96
1050,00:17:30,3,4094.5,99.96
1080,00:18:00,3,4094.5,99.96
1110,00:18:30,3,4094.5,99.96
1140,00:19:00,3,4094.5,99.96
1170,00:19:30,3,4094.5,99.96
1200,00:20:00,3,4094.5,99.96
1230,00:20:30,3,4094.5,99.96
1260,00:21:00,3,4094.5,99.96
1290,00:21:30,3,4094.5,99.96
1320,00:22:00,3,4094.5,99.96
1350,00:22:30,3,4094.5,99.96
1380,00:23:00,3,4094.5,99.96
1410,00:23:30,3,4094.5,99.96
1440,00:24:00,3,4094.5,99.96
1470,00:24:30,3,4094.5,99.96
1500,00:25:00,3,4094.5,99.96
1530,00:25:30,3,4094.5,99.96
1560,00:26:00,3,4094.5,99.96
1590,00:26:30,3,4094.5,99.96
1620,00:27:00,3,4094.5,99.96
1650,00:27:30,3,4094.5,99.96
1680,00:28:00,3,4094.5,99.96
1710,00:28:30,3,4094.5,99.96
1740,00:29:00,3,4094.5,99.96
1770,00:29:30,3,4094.5,99.96
1800,00:30:00,3,4094.5,99.96
1830,00:30:30,3,4094.5,99.96
1860,00:31:00,3,4094.5,99.96
1890,00:31:30,3,4094.5,99.96
1920,00:32:00,3,4094.5,99.96
1950,00:32:30,3,4094.5,99.96
1980,00:33:00,3,4094.5,99.96
2010,00:33:30,3,4094.5,99.96
2040,00:34:00,3,4094.5,99.96
2070,00:34:30,3,4094.5,99.96
2100,00:35:00,3,4094.5,99.96
2130,00:35:30,3,4094.5,99.96
2160,00:36:00,3,4094.5,99.96
2190,00:36:30,3,4094.5,99.96
2220,00:37:00,3,4094.5,99.96
2250,00:37:30,3,4094.5,99.96
2280,00:38:00,3,4094.5,99.96
2310,00:38:30,3,4094.5,99.96
2340,00:39:00,3,4094.5,99.96
2370,00:39:30,3,4094.5,99.96
2400,00:40:00,3,4094.5,99.96
2430,00:40:30,3,4094.5,99.96
2460,00:41:00,3,4094.5,99.96
2490,00:41:30,3,4094.5,99.96
2520,00:42:00,3,4094.5,99.96
2550,00:42:30,3,4094.5,99.96
2580,00:43:00,3,4094.5,99.96
2610,00:43:30,3,4094.5,99.96
2640,00:44:00,3,4094.5,99.96
2670,00:44:30,3,4094.5,99.96
2700,00:45:00,3,4094.5,99.96
2730,00:45:30,3,4094.5,99.96
2760,00:46:00,3,4094.5,99.96
2790,00:46:30,3,4094.5,99.96
2820,00:47:00,3,4094.5,99.96
2850,00:47:30,3,4094.5,99.96
2880,00:48:00,3,4094.5,99.96
2910,00:48:30,3,4094.5,99.96
2940,00:49:00,3,4094.5,99.96
2970,00:49:30,3,4094.5,99.96
3000,00:50:00,3,4094.5,99.96
3030,00:50:30,3,4094.5,99.96
3060,00:51:00,3,4094.5,99.96
3090,00:51:30,3,4094.5,99.96
3120,00:52:00,3,4094.5,99.96
3150,00:52:30,3,4094.5,99.96
3180,00:53:00,3,4094.5,99.96
3210,00:53:30,3,4094.5,99.96
3240,00:54:00,3,4094.5,99.96
3270,00:54:30,3,4094.5,99.96
3300,00:55:00,3,4094.5,99.96
3330,00:55:30,3,4094.5,99.96
3360,00:56:00,3,4094.5,99.96
3390,00:56:30,3,4094.5,99.96
3420,00:57:00,3,4094.5,99.96
3450,00:57:30,3,4094.5,99.96
3480,00:58:00,3,4094.5,99.96
3510,00:58:30,3,4094.5,99.96
3540,00:59:00,3,4094.5,99.96
3570,00:59:30,3,4094.5,99.96
3600,01:00:00,3,4094.5,99.96
3630,01:00:30,3,4094.5,99.96
3660,01:01:00,3,4094.5,99.96
3690,01:01:30,3,4094.5,99.96
3720,01:02:00,3,4094.5,99.96
3750,01:02:30,3,4094.5,99.96
3780,01:03:00,3,4094.5,99.96
3810,01:03:30,3,4094.5,99.96
3840,01:04:00,3,4094.5,99.96
3870,01:04:30,3,4094.5,99.96
3900,01:05:00,3,4094.5,99.96
3930,01:05:30,3,4094.5,99.96
3960,01:06:00,3,4094.5,99.96
3990,01:06:30,3,4094.5,99.96
4020,01:07:00,3,4094.5,99.96
4050,01:07:30,3,4094.5,99.96
4080,01:08:00,3,4094.5,99.96
4110,01:08:30,3,4094.5,99.96
4140,01:09:00,3,4094.5,99.96
4170,01:09:30,3,4094.5,99.96
4200,01:10:00,3,4094.5,99.96
4230,01:10:30,3,4094.5,99.96
4260,01:11:00,3,4094.5,99.96
4290,01:11:30,3,4094.5,99.96
4320,01:12:00,3,4094.5,99.96
4350,01:12:30,3,4094.5,99.96
4380,01:13:00,3,4094.5,99.96
4410,01:13:30,3,4094.5,99.96
4440,01:14:00,3,4094.5,99.96
4470,01:14:30,3,4094.5,99.96
4500,01:15:00,3,4094.5,99.96
4530,01:15:30,3,4094.5,99.96
4560,01:16:00,3,4094.5,99.96
4590,01:16:30,3,4094.5,99.96
4620,01:17:00,3,4094.5,99.96
4650,01:17:30,3,4094.5,99.96
4680,01:18:00,3,4094.5,99.96
4710,01:18:30,3,4094.5,99.96
4740,01:19:00,3,4094.5,99.96
4770,01:19:30,3,4094.5,99.96
4800,01:20:00,3,4094.5,99.96
4830,01:20:30,3,4094.5,99.96
4860,01:21:00,3,4094.5,99.96
4890,01:21:30,3,4094.5,99.96
4920,01:22:00,3,4094.5,99.96
4950,01:22:30,3,4094.5,99.96
4980,01:23:00,3,4094.5,99.96
5010,01:23:30,3,4094.5,99.96
5040,01:24:00,3,4094.5,99.96
5070,01:24:30,3,4094.5,99.96
5100,01:25:00,3,4094.5,99.96
5130,01:25:30,3,4094.5,99.96
5160,01:26:00,3,4094.5,99.96
5190,01:26:30,3,4094.5,99.96
5220,01:27:00,3,4094.5,99.96
5250,01:27:30,3,4094.5,99.96
5280,01:28:00,3,4094.5,99.96
5310,01:28:30,3,4094.5,99.96
5340,01:29:00,3,4094.5,99.96
5370,01:29:30,3,4094.5,99.96
5400,01:30:00,3,4094.5,99.96
5430,01:30:30,3,4094.5,99.96
5460,01:31:00,3,4094.5,99.96
5490,01:31:30,3,4094.5,99.96
5520,01:32:00,3,4094.5,99.96
5550,01:32:30,3,4094.5,99.96
5580,01:33:00,3,4094.5,99.96
5610,01:33:30,3,4094.5,99.96
5640,01:34:00,3,4094.5,99.96
5670,01:34:30,3,4094.5,99.96
5700,01:35:00,3,4094.5,99.96
5730,01:35:30,3,4094.5,99.96
5760,01:36:00,3,4094.5,99.96
5790,01:36:30,3,4094.5,99.96
5820,01:37:00,3,4094.5,99.96
5850,01:37:30,3,4094.5,99.96
5880,01:38:00,3,4094.5,99.96
5910,01:38:30,3,4094.5,99.96
5940,01:39:00,3,4094.5,99.96
5970,01:39:30,3,4094.5,99.96
6000,01:40:00,3,4094.5,99.96
6030,01:40:30,3,4094.5,99.96
6060,01:41:00,3,4094.5,99.96
6090,01:41:30,3,4094.5,99.96
6120,01:42:00,3,4094.5,99.96
6150,01:42:30,3,4094.5,99.96
6180,01:43:00,3,4094.5,99.96
6210,01:43:30,3,4094.5,99.96
6240,01:44:00,3,4094.5,99.96
6270,01:44:30,3,4094.5,99.96
6300,01:45:00,3,4094.5,99.96
6330,01:45:30,3,4094.5,99.96
6360,01:46:00,3,4094.5,99.96
6390,01:46:30,3,4094.5,99.96
6420,01:47:00,3,4094.5,99.96
6450,01:47:30,3,4094.5,99.96
6480,01:48:00,3,4094.5,99.96
6510,01:48:30,3,4094.5,99.96
6540,01:49:00,3,4094.5,99.96
6570,01:49:30,3,4094.5,99.96
6600,01:50:00,3,4094.5,99.96
6630,01:50:30,3,4094.5,99.96
6660,01:51:00,3,4094.5,99.96
6690,01:51:30,3,4094.5,99.96
6720,01:52:00,3,4094.5,99.96
6750,01:52:30,3,4094.5,99.96
6780,01:53:00,3,4094.5,99.96
6810,01:53:30,3,4094.5,99.96
6840,01:54:00,3,4094.5,99.96
6870,01:54:30,3,4094.5,99.96
6900,01:55:00,3,4094.5,99.96
6930,01:55:30,3,4094.5,99.96
6960,01:56:00,3,4094.5,99.96
6990,01:56:30,3,4094.5,99.96
7020,01:57:00,3,4094.5,99.96
7050,01:57:30,3,4094.5,99.96
7080,01:58:00,3,4094.5,99.96
7110,01:58:30,3,4094.5,99.96
7140,01:59:00,3,4094.5,99.96
7170,01:59:30,3,4094.5,99.96
7200,02:00:00,3,4094.5,99.96
7230,02:00:30,3,4094.5,99.96
7260,02:01:00,3,4094.5,99.96
7290,02:01:30,3,4094.5,99.96
7320,02:02:00,3,4094.5,99.96
7350,02:02:30,3,4094.5,99.96
7380,02:03:00,3,4094.5,99.96
7410,02:03:30,3,4094.5,99.96
7440,02:04:00,3,4094.5,99.96
7470,02:04:30,3,4094.5,99.96
7500,02:05:00,3,4094.5,99.96
7530,02:05:30,3,4094.5,99.96
7560,02:06:00,3,4094.5,99.96
7590,02:06:30,3,4094.5,99.96
7620,02:07:00,3,4094.5,99.96
7650,02:07:30,3,4094.5,99.96
7680,02:08:00,3,4094.5,99.96
7710,02:08:30,3,4094.5,99.96
7740,02:09:00,3,4094.5,99.96
7770,02:09:30,3,4094.5,99.96
7800,02:10:00,3,4094.5,99.96
7830,02:10:30,3,4094.5,99.96
7860,02:11:00,3,4094.5,99.96
7890,02:11:30,3,4094.5,99.96
7920,02:12:00,3,4094.5,99.96
7950,02:12:30,3,4094.5,99.96
7980,02:13:00,3,4094.5,99.96
8010,02:13:30,3,4094.5,99.96
8040,02:14:00,3,4094.5,99.96
8070,02:14:30,3,4094.5,99.96
8100,02:15:00,3,4094.5,99.96
8130,02:15:30,3,4094.5,99.96
8160,02:16:00,3,4094.5,99.96
8190,02:16:30,3,4094.5,99.96
8220,02:17:00,3,4094.5,99.96
8250,02:17:30,3,4094.5,99.96
8280,02:18:00,3,4094.5,99.96
8310,02:18:30,3,4094.5,99.96
8340,02:19:00,3,4094.5,99.96
8370,02:19:30,3,4094.5,99.96
8400,02:20:00,3,4094.5,99.96
8430,02:20:30,3,4094.5,99.96
8460,02:21:00,3,4094.5,99.96
8490,02:21:30,3,4094.5,99.96
8520,02:22:00,3,4094.5,99.96
8550,02:22:30,3,4094.5,99.96
8580,02:23:00,3,4094.5,99.96
8610,02:23:30,3,4094.5,99.96
8640,02:24:00,3,4094.5,99.96
8670,02:24:30,3,4094.5,99.96
8700,02:25:00,3,4094.5,99.96
8730,02:25:30,3,4094.5,99.96
8760,02:26:00,3,4094.5,99.96
8790,02:26:30,3,4094.5,99.96
8820,02:27:00,3,4094.5,99.96
8850,02:27:30,3,4094.5,99.96
8880,02:28:00,3,4094.5,99.96
8910,02:28:30,3,4094.5,99.96
8940,02:29:00,3,4094.5,99.96
8970,02:29:30,3,4094.5,99.96
9000,02:30:00,3,4094.5,99.96
9030,02:30:30,3,4094.5,99.96
9060,02:31:00,3,4094.5,99.96
9090,02:31:30,3,4094.5,99.96
9120,02:32:00,3,4094.5,99.96
9150,02:32:30,3,4094.5,99.96
9180,02:33:00,3,4094.5,99.96
9210,02:33:30,3,4094.5,99.96
9240,02:34:00,3,4094.5,99.96
9270,02:34:30,3,4094.5,99.96
9300,02:35:00,3,4094.5,99.96
9330,02:35:30,3,4094.5,99.96
9360,02:36:00,3,4094.5,99.96
9390,02:36:30,3,4094.5,99.96
9420,02:37:00,3,4094.5,99.96
9450,02:37:30,3,4094.5,99.96
9480,02:38:00,3,4094.5,99.96
9510,02:38:30,3,4094.5,99.96
9540,02:39:00,3,4094.5,99.96
9570,02:39:30,3,4094.5,99.96
9600,02:40:00,3,4094.5,99.96
9630,02:40:30,3,4094.5,99.96
9660,02:41:00,3,4094.5,99.96
9690,02:41:30,3,4094.5,99.96
9720,02:42:00,3,4094.5,99.96
9750,02:42:30,3,4094.5,99.96
9780,02:43:00,3,4094.5,99.96
9810,02:43:30,3,4094.5,99.96
9840,02:44:00,3,4094.5,99.96
9870,02:44:30,3,4094.5,99.96
9900,02:45:00,3,4094.5,99.96
9930,02:45:30,3,4094.5,99.96
9960,02:46:00,3,4094.5,99.96
9990,02:46:30,3,4094.5,99.96
10020,02:47:00,3,4094.5,99.96
10050,02:47:30,3,4094.5,99.96
10080,02:48:00,3,4094.5,99.96
10110,02:48:30,3,4094.5,99.96
10140,02:49:00,3,4094.5,99.96
10170,02:49:30,3,4094.5,99.96
10200,02:50:00,3,4094.5,99.96
10230,02:50:30,3,4094.5,99.96
10260,02:51:00,3,4094.5,99.96
10290,02:51:30,3,4094.5,99.96
10320,02:52:00,3,4094.5,99.96
10350,02:52:30,3,4094.5,99.96
10380,02:53:00,3,4094.5,99.96
10410,02:53:30,3,4094.5,99.96
10440,02:54:00,3,4094.5,99.96
10470,02:54:30,3,4094.5,99.96
10500,02:55:00,3,4094.5,99.96
10530,02:55:30,3,4094.5,99.96
10560,02:56:00,3,4094.5,99.96
10590,02:56:30,3,4094.5,99.96
10620,02:57:00,3,4094.5,99.96
10650,02:57:30,3,4094.5,99.96
10680,02:58:00,3,4094.5,99.96
10710,02:58:30,3,4094.5,99.96
10740,02:59:00,3,4094.5,99.96
10770,02:59:30,3,4094.5,99.96
10800,03:00:00,3,4094.5,99.96
10830,03:00:30,3,4094.5,99.96
10860,03:01:00,3,4094.5,99.96
10890,03:01:30,3,4094.5,99.96
10920,03:02:00,3,4094.5,99.96
10950,03:02:30,3,4094.5,99.96
10980,03:03:00,3,4094.5,99.96
11010,03:03:30,3,4094.5,99.96
11040,03:04:00,3,4094.5,99.96
11070,03:04:30,3,4094.5,99.96
11100,03:05:00,3,4094.5,99.96
11130,03:05:30,3,4094.5,99.96
11160,03:06:00,3,4094.5,99.96
11190,03:06:30,3,4094.5,99.96
11220,03:07:00,3,4094.5,99.96
11250,03:07:30,3,4094.5,99.96
11280,03:08:00,3,4094.5,99.96
11310,03:08:30,3,4094.5,99.96
11340,03:09:00,3,4094.5,99.96
11370,03:09:30,3,4094.5,99.96
11400,03:10:00,3,4094.5,99.96
11430,03:10:30,3,4094.5,99.96
11460,03:11:00,3,4094.5,99.96
11490,03:11:30,3,4094.5,99.96
11520,03:12:00,3,4094.5,99.96
11550,03:12:30,3,4094.5,99.96
11580,03:13:00,3,4094.5,99.96
11610,03:13:30,3,4094.5,99.96
11640,03:14:00,3,4094.5,99.96
11670,03:14:30,3,4094.5,99.96
11700,03:15:00,3,4094.5,99.96
11730,03:15:30,3,4094.5,99.96
11760,03:16:00,3,4094.5,99.96
11790,03:16:30,3,4094.5,99.96
11820,03:17:00,3,4094.5,99.96
11850,03:17:30,3,4094.5,99.96
11880,03:18:00,3,4094.5,99.96
11910,03:18:30,3,4094.5,99.96
11940,03:19:00,3,4094.5,99.96
11970,03:19:30,3,4094.5,99.96
12000,03:20:00,3,4094.5,99.96
12030,03:20:30,3,4094.5,99.96
12060,03:21:00,3,4094.5,99.96
12090,03:21:30,3,4094.5,99.96
12120,03:22:00,3,4094.5,99.96
12150,03:22:30,3,4094.5,99.96
12180,03:23:00,3,4094.5,99.96
12210,03:23:30,3,4094.5,99.96
12240,03:24:00,3,4094.5,99.96
12270,03:24:30,3,4094.5,99.96
12300,03:25:00,3,4094.5,99.96
12330,03:25:30,3,4094.5,99.96
12360,03:26:00,3,4094.5,99.96
12390,03:26:30,3,4094.5,99.96
12420,03:27:00,3,4094.5,99.96
12450,03:27:30,3,4094.5,99.96
12480,03:28:00,3,4094.5,99.96
12510,03:28:30,3,4094.5,99.96
12540,03:29:00,3,4094.5,99.96
12570,03:29:30,3,4094.5,99.96
12600,03:30:00,3,4094.5,99.96
12630,03:30:30,3,4094.5,99.96
12660,03:31:00,3,4094.5,99.96
12690,03:31:30,3,4094.5,99.96
12720,03:32:00,3,4094.5,99.96
12750,03:32:30,3,4094.5,99.96
12780,03:33:00,3,4094.5,99.96
12810,03:33:30,3,4094.5,99.96
12840,03:34:00,3,4094.5,99.96
12870,03:34:30,3,4094.5,99.96
12900,03:35:00,3,4094.5,99.96
12930,03:35:30,3,4094.5,99.96
12960,03:36:00,3,4094.5,99.96
12990,03:36:30,3,4094.5,99.96
13020,03:37:00,3,4094.5,99.96
13050,03:37:30,3,4094.5,99.96
13080,03:38:00,3,4094.5,99.96
13110,03:38:30,3,4094.5,99.96
13140,03:39:00,3,4094.5,99.96
13170,03:39:30,3,4094.5,99.96
13200,03:40:00,3,4094.5,99.96
13230,03:40:30,3,4094.5,99.96
13260,03:41:00,3,4094.5,99.96
13290,03:41:30,3,4094.5,99.96
13320,03:42:00,3,4094.5,99.96
13350,03:42:30,3,4094.5,99.96
13380,03:43:00,3,4094.5,99.96
13410,03:43:30,3,4094.5,99.96
13440,03:44:00,3,4094.5,99.96
13470,03:44:30,3,4094.5,99.96
13500,03:45:00,3,4094.5,99.96
13530,03:45:30,3,4094.5,99.96
13560,03:46:00,3,4094.5,99.96
13590,03:46:30,3,4094.5,99.96
13620,03:47:00,3,4094.5,99.96
13650,03:47:30,3,4094.5,99.96
13680,03:48:00,3,4094.5,99.96
13710,03:48:30,3,4094.5,99.96
13740,03:49:00,3,4094.5,99.96
13770,03:49:30,3,4094.5,99.96
13800,03:50:00,3,4094.5,99.96
13830,03:50:30,3,4094.5,99.96
13860,03:51:00,3,4094.5,99.96
13890,03:51:30,3,4094.5,99.96
13920,03:52:00,3,4094.5,99.96
13950,03:52:30,3,4094.5,99.96
13980,03:53:00,3,4094.5,99.96
14010,03:53:30,3,4094.5,99.96
14040,03:54:00,3,4094.5,99.96
14070,03:54:30,3,4094.5,99.96
14100,03:55:00,3,4094.5,99.96
14130,03:55:30,3,4094.5,99.96
14160,03:56:00,3,4094.5,99.96
14190,03:56:30,3,4094.5,99.96
14220,03:57:00,3,4094.5,99.96
14250,03:57:30,3,4094.5,99.96
14280,03:58:00,3,4094.5,99.96
14310,03:58:30,3,4094.5,99.96
14340,03:59:00,3,4094.5,99.96
14370,03:59:30,3,4094.5,99.96
14400,04:00:00,3,4094.5,99.96
14430,04:00:30,3,4094.5,99.96
14460,04:01:00,3,4094.5,99.96
14490,04:01:30,3,4094.5,99.96
14520,04:02:00,3,4094.5,99.96
14550,04:02:30,3,4094.5,99.96
14580,04:03:00,3,4094.5,99.96
14610,04:03:30,3,4094.5,99.96
14640,04:04:00,3,4094.5,99.96
14670,04:04:30,3,4094.5,99.96
14700,04:05:00,3,4094.5,99.96
14730,04:05:30,3,4094.5,99.96
14760,04:06:00,3,4094.5,99.96
14790,04:06:30,3,4094.5,99.96
14820,04:07:00,3,4094.5,99.96
14850,04:07:30,3,4094.5,99.96
14880,04:08:00,3,4094.5,99.96
14910,04:08:30,3,4094.5,99.96
14940,04:09:00,3,4094.5,99.96
14970,04:09:30,3,4094.5,99.96
15000,04:10:00,3,4094.5,99.96
15030,04:10:30,3,4094.5,99.96
15060,04:11:00,3,4094.5,99.96
15090,04:11:30,3,4094.5,99.96
15120,04:12:00,3,4094.5,99.96
15150,04:12:30,3,4094.5,99.96
15180,04:13:00,3,4094.5,99.96
15210,04:13:30,3,4094.5,99.96
15240,04:14:00,3,4094.5,99.96
15270,04:14:30,3,4094.5,99.96
15300,04:15:00,3,4094.5,99.96
15330,04:15:30,3,4094.5,99.96
15360,04:16:00,3,4094.5,99.96
15390,04:16:30,3,4094.5,99.96
15420,04:17:00,3,4094.5,99.96
15450,04:17:30,3,4094.5,99.96
15480,04:18:00,3,4094.5,99.96
15510,04:18:30,3,4094.5,99.96
15540,04:19:00,3,4094.5,99.96
15570,04:19:30,3,4094.5,99.96
15600,04:20:00,3,4094.5,99.96
15630,04:20:30,3,4094.5,99.96
15660,04:21:00,3,4094.5,99.96
15690,04:21:30,3,4094.5,99.96
15720,04:22:00,3,4094.5,99.96
15750,04:22:30,3,4094.5,99.96
15780,04:23:00,3,4094.5,99.96
15810,04:23:30,3,4094.5,99.96
15840,04:24:00,3,4094.5,99.96
15870,04:24:30,3,4094.5,99.96
15900,04:25:00,3,4094.5,99.96
15930,04:25:30,3,4094.5,99.96
15960,04:26:00,3,4094.5,99.96
15990,04:26:30,3,4094.5,99.96
16020,04:27:00,3,4094.5,99.96
16050,04:27:30,3,4094.5,99.96
16080,04:28:00,3,4094.5,99.96
16110,04:28:30,3,4094.5,99.96
16140,04:29:00,3,4094.5,99.96
16170,04:29:30,3,4094.5,99.96
16200,04:30:00,3,4094.5,99.96
16230,04:30:30,3,4094.5,99.96
16260,04:31:00,3,4094.5,99.96
16290,04:31:30,3,4094.5,99.96
16320,04:32:00,3,4094.5,99.96
16350,04:32:30,3,4094.5,99.96
16380,04:33:00,3,4094.5,99.96
16410,04:33:30,3,4094.5,99.96
16440,04:34:00,3,4094.5,99.96
16470,04:34:30,3,4094.5,99.96
16500,04:35:00,3,4094.5,99.96
16530,04:35:30,3,4094.5,99.96
16560,04:36:00,3,4094.5,99.96
16590,04:36:30,3,4094.5,99.96
16620,04:37:00,3,4094.5,99.96
16650,04:37:30,3,4094.5,99.96
16680,04:38:00,3,4094.5,99.96
16710,04:38:30,3,4094.5,99.96
16740,04:39:00,3,4094.5,99.96
16770,04:39:30,3,4094.5,99.96
16800,04:40:00,3,4094.5,99.96
16830,04:40:30,3,4094.5,99.96
16860,04:41:00,3,4094.5,99.96
16890,04:41:30,3,4094.5,99.96
16920,04:42:00,3,4094.5,99.96
16950,04:42:30,3,4094.5,99.96
16980,04:43:00,3,4094.5,99.96
17010,04:43:30,3,4094.5,99.96
17040,04:44:00,3,4094.5,99.96
17070,04:44:30,3,4094.5,99.96
17100,04:45:00,3,4094.5,99.96
17130,04:45:30,3,4094.5,99.96
17160,04:46:00,3,4094.5,99.96
17190,04:46:30,3,4094.5,99.96
17220,04:47:00,3,4094.5,99.96
17250,04:47:30,3,4094.5,99.96
17280,04:48:00,3,4094.5,99.96
17310,04:48:30,3,4094.5,99.96
17340,04:49:00,3,4094.5,99.96
17370,04:49:30,3,4094.5,99.96
17400,04:50:00,3,4094.5,99.96
17430,04:50:30,3,4094.5,99.96
17460,04:51:00,3,4094.5,99.96
17490,04:51:30,3,4094.5,99.96
17520,04:52:00,3,4094.5,99.96
17550,04:52:30,3,4094.5,99.96
17580,04:53:00,3,4094.5,99.96
17610,04:53:30,3,4094.5,99.96
17640,04:54:00,3,4094.5,99.96
17670,04:54:30,3,4094.5,99.96
17700,04:55:00,3,4094.5,99.96
17730,04:55:30,3,4094.5,99.96
17760,04:56:00,3,4094.5,99.96
17790,04:56:30,3,4094.5,99.96
17820,04:57:00,3,4094.5,99.96
17850,04:57:30,3,4094.5,99.96
17880,04:58:00,3,4094.5,99.96
17910,04:58:30,3,4094.5,99.96
17940,04:59:00,3,4094.5,99.96
17970,04:59:30,3,4094.5,99.96
18000,05:00:00,3,4094.5,99.96
18030,05:00:30,3,4094.5,99.96
18060,05:01:00,3,4094.5,99.96
18090,05:01:30,3,4094.5,99.96
18120,05:02:00,3,4094.5,99.96
18150,05:02:30,3,4094.5,99.96
18180,05:03:00,3,4094.5,99.96
18210,05:03:30,3,4094.5,99.96
18240,05:04:00,3,4094.5,99.96
18270,05:04:30,3,4094.5,99.96
18300,05:05:00,3,4094.5,99.96
18330,05:05:30,3,4094.5,99.96
18360,05:06:00,3,4094.5,99.96
18390,05:06:30,3,4094.5,99.96
18420,05:07:00,3,4094.5,99.96
18450,05:07:30,3,4094.5,99.96
18480,05:08:00,3,4094.5,99.96
18510,05:08:30,3,4094.5,99.96
18540,05:09:00,3,4094.5,99.96
18570,05:09:30,3,4094.5,99.96
18600,05:10:00,3,4094.5,99.96
18630,05:10:30,3,4094.5,99.96
18660,05:11:00,3,4094.5,99.96
18690,05:11:30,3,4094.5,99.96
18720,05:12:00,3,4094.5,99.96
18750,05:12:30,3,4094.5,99.96
18780,05:13:00,3,4094.5,99.96
18810,05:13:30,3,4094.5,99.96
18840,05:14:00,3,4094.5,99.96
18870,05:14:30,3,4094.5,99.96
18900,05:15:00,3,4094.5,99.96
18930,05:15:30,3,4094.5,99.96
18960,05:16:00,3,4094.5,99.96
18990,05:16:30,3,4094.5,99.96
19020,05:17:00,3,4094.5,99.96
19050,05:17:30,3,4094.5,99.96
19080,05:18:00,3,4094.5,99.96
19110,05:18:30,3,4094.5,99.96
19140,05:19:00,3,4094.5,99.96
19170,05:19:30,3,4094.5,99.96
19200,05:20:00,3,4094.5,99.96
19230,05:20:30,3,4094.5,99.96
19260,05:21:00,3,4094.5,99.96
19290,05:21:30,3,4094.5,99.96
19320,05:22:00,3,4094.5,99.96
19350,05:22:30,3,4094.5,99.96
19380,05:23:00,3,4094.5,99.96
19410,05:23:30,3,4094.5,99.96
19440,05:24:00,3,4094.5,99.96
19470,05:24:30,3,4094.5,99.96
19500,05:25:00,3,4094.5,99.96
19530,05:25:30,3,4094.5,99.96
19560,05:26:00,3,4094.5,99.96
19590,05:26:30,3,4094.5,99.96
19620,05:27:00,3,4094.5,99.96
19650,05:27:30,3,4094.5,99.96
19680,05:28:00,3,4094.5,99.96
19710,05:28:30,3,4094.5,99.96
19740,05:29:00,3,4094.5,99.96
19770,05:29:30,3,4094.5,99.96
19800,05:30:00,3,4094.5,99.96
19830,05:30:30,3,4094.5,99.96
19860,05:31:00,3,4094.5,99.96
19890,05:31:30,3,4094.5,99.96
19920,05:32:00,3,4094.5,99.96
19950,05:32:30,3,4094.5,99.96
19980,05:33:00,3,4094.5,99.96
20010,05:33:30,3,4094.5,99.96
20040,05:34:00,3,4094.5,99.96
20070,05:34:30,3,4094.5,99.96
20100,05:35:00,3,4094.5,99.96
20130,05:35:30,3,4094.5,99.96
20160,05:36:00,3,4094.5,99.96
20190,05:36:30,3,4094.5,99.96
20220,05:37:00,3,4094.5,99.96
20250,05:37:30,3,4094.5,99.96
20280,05:38:00,3,4094.5,99.96
20310,05:38:30,3,4094.5,99.96
20340,05:39:00,3,4094.5,99.96
20370,05:39:30,3,4094.5,99.96
20400,05:40:00,3,4094.5,99.96
20430,05:40:30,3,4094.5,99.96
20460,05:41:00,3,4094.5,99.96
20490,05:41:30,3,4094.5,99.96
20520,05:42:00,3,4094.5,99.96
20550,05:42:30,3,4094.5,99.96
20580,05:43:00,3,4094.5,99.96
20610,05:43:30,3,4094.5,99.96
20640,05:44:00,3,4094.5,99.96
20670,05:44:30,3,4094.5,99.96
20700,05:45:00,3,4094.5,99.96
20730,05:45:30,3,4094.5,99.96
20760,05:46:00,3,4094.5,99.96
20790,05:46:30,3,4094.5,99.96
20820,05:47:00,3,4094.5,99.96
20850,05:47:30,3,4094.5,99.96
20880,05:48:00,3,4094.5,99.96
20910,05:48:30,3,4094.5,99.96
20940,05:49:00,3,4094.5,99.96
20970,05:49:30,3,4094.5,99.96
21000,05:50:00,3,4094.5,99.96
21030,05:50:30,3,4094.5,99.96
21060,05:51:00,3,4094.5,99.96
21090,05:51:30,3,4094.5,99.96
21120,05:52:00,3,4094.5,99.96
21150,05:52:30,3,4094.5,99.96
21180,05:53:00,3,4094.5,99.96
21210,05:53:30,3,4094.5,99.96
21240,05:54:00,3,4094.5,99.96
21270,05:54:30,3,4094.5,99.96
21300,05:55:00,3,4094.5,99.96
21330,05:55:30,3,4094.5,99.96
21360,05:56:00,3,4094.5,99.96
21390,05:56:30,3,4094.5,99.96
21420,05:57:00,3,4094.5,99.96
21450,05:57:30,3,4094.5,99.96
21480,05:58:00,3,4094.5,99.96
21510,05:58:30,3,4094.5,99.96
21540,05:59:00,3,4094.5,99.96
21570,05:59:30,3,4094.5,99.96
21600,06:00:00,3,4094.5,99.96
21630,06:00:30,3,4094.5,99.96
21660,06:01:00,3,4094.5,99.96
21690,06:01:30,3,4094.5,99.96
21720,06:02:00,3,4094.5,99.96
21750,06:02:30,3,4094.5,99.96
21780,06:03:00,3,4094.5,99.96
21810,06:03:30,3,4094.5,99.96
21840,06:04:00,3,4094.5,99.96
21870,06:04:30,3,4094.5,99.96
21900,06:05:00,3,4094.5,99.96
21930,06:05:30,3,4094.5,99.96
21960,06:06:00,3,4094.5,99.96
21990,06:06:30,3,4094.5,99.96
22020,06:07:00,3,4094.5,99.96
22050,06:07:30,3,4094.5,99.96
22080,06:08:00,3,4094.5,99.96
22110,06:08:30,3,4094.5,99.96
22140,06:09:00,3,4094.5,99.96
22170,06:09:30,3,4094.5,99.96
22200,06:10:00,3,4094.5,99.96
22230,06:10:30,3,4094.5,99.96
22260,06:11:00,3,4094.5,99.96
22290,06:11:30,3,4094.5,99.96
22320,06:12:00,3,4094.5,99.96
22350,06:12:30,3,4094.5,99.96
22380,06:13:00,3,4094.5,99.96
22410,06:13:30,3,4094.5,99.96
22440,06:14:00,3,4094.5,99.96
22470,06:14:30,3,4094.5,99.96
22500,06:15:00,3,4094.5,99.96
22530,06:15:30,3,4094.5,99.96
22560,06:16:00,3,4094.5,99.96
22590,06:16:30,3,4094.5,99.96
22620,06:17:00,3,4094.5,99.96
22650,06:17:30,3,4094.5,99.96
22680,06:18:00,3,4094.5,99.96
22710,06:18:30,3,4094.5,99.96
22740,06:19:00,3,4094.5,99.96
22770,06:19:30,3,4094.5,99.96
22800,06:20:00,3,4094.5,99.96
22830,06:20:30,3,4094.5,99.96
22860,06:21:00,3,4094.5,99.96
22890,06:21:30,3,4094.5,99.96
22920,06:22:00,3,4094.5,99.96
22950,06:22:30,3,4094.5,99.96
22980,06:23:00,3,4094.5,99.96
23010,06:23:30,3,4094.5,99.96
23040,06:24:00,3,4094.5,99.96
23070,06:24:30,3,4094.5,99.96
23100,06:25:00,3,4094.5,99.96
23130,06:25:30,3,4094.5,99.96
23160,06:26:00,3,4094.5,99.96
23190,06:26:30,3,4094.5,99.96
23220,06:27:00,3,4094.5,99.96
23250,06:27:30,3,4094.5,99.96
23280,06:28:00,3,4094.5,99.96
23310,06:28:30,3,4094.5,99.96
23340,06:29:00,3,4094.5,99.96
23370,06:29:30,3,4094.5,99.96
23400,06:30:00,3,4094.5,99.96
23430,06:30:30,3,4094.5,99.96
23460,06:31:00,3,4094.5,99.96
23490,06:31:30,3,4094.5,99.96
23520,06:32:00,3,4094.5,99.96
23550,06:32:30,3,4094.5,99.96
23580,06:33:00,3,4094.5,99.96
23610,06:33:30,3,4094.5,99.96
23640,06:34:00,3,4094.5,99.96
23670,06:34:30,3,4094.5,99.96
23700,06:35:00,3,4094.5,99.96
23730,06:35:30,3,4094.5,99.96
23760,06:36:00,3,4094.5,99.96
23790,06:36:30,3,4094.5,99.96
23820,06:37:00,3,4094.5,99.96
23850,06:37:30,3,4094.5,99.96
23880,06:38:00,3,4094.5,99.96
23910,06:38:30,3,4094.5,99.96
23940,06:39:00,3,4094.5,99.96
23970,06:39:30,3,4094.5,99.96
24000,06:40:00,3,4094.5,99.96
24030,06:40:30,3,4094.5,99.96
24060,06:41:00,3,4094.5,99.96
24090,06:41:30,3,4094.5,99.96
24120,06:42:00,3,4094.5,99.96
24150,06:42:30,3,4094.5,99.96
24180,06:43:00,3,4094.5,99.96
24210,06:43:30,3,4094.5,99.96
24240,06:44:00,3,4094.5,99.96
24270,06:44:30,3,4094.5,99.96
24300,06:45:00,3,4094.5,99.96
24330,06:45:30,3,4094.5,99.96
24360,06:46:00,3,4094.5,99.96
24390,06:46:30,3,4094.5,99.96
24420,06:47:00,3,4094.5,99.96
24450,06:47:30,3,4094.5,99.96
24480,06:48:00,3,4094.5,99.96
24510,06:48:30,3,4094.5,99.96
24540,06:49:00,3,4094.5,99.96
24570,06:49:30,3,4094.5,99.96
24600,06:50:00,3,4094.5,99.96
24630,06:50:30,3,4094.5,99.96
24660,06:51:00,3,4094.5,99.96
24690,06:51:30,3,4094.5,99.96
24720,06:52:00,3,4094.5,99.96
24750,06:52:30,3,4094.5,99.96
24780,06:53:00,3,4094.5,99.96
24810,06:53:30,3,4094.5,99.96
24840,06:54:00,3,4094.5,99.96
24870,06:54:30,3,4094.5,99.96
24900,06:55:00,3,4094.5,99.96
24930,06:55:30,3,4094.5,99.96
24960,06:56:00,3,4094.5,99.96
24990,06:56:30,3,4094.5,99.96
25020,06:57:00,3,4094.5,99.96
25050,06:57:30,3,4094.5,99.96
25080,06:58:00,3,4094.5,99.96
25110,06:58:30,3,4094.5,99.96
25140,06:59:00,3,4094.5,99.96
25170,06:59:30,3,4094.5,99.96
25200,07:00:00,3,4094.5,99.96
25230,07:00:30,3,4094.5,99.96
25260,07:01:00,3,4094.5,99.96
25290,07:01:30,3,4094.5,99.96
25320,07:02:00,3,4094.5,99.96
25350,07:02:30,3,4094.5,99.96
25380,07:03:00,3,4094.5,99.96
25410,07:03:30,3,4094.5,99.96
25440,07:04:00,3,4094.5,99.96
25470,07:04:30,3,4094.5,99.96
25500,07:05:00,3,4094.5,99.96
25530,07:05:30,3,4094.5,99.96
25560,07:06:00,3,4094.5,99.96
25590,07:06:30,3,4094.5,99.96
25620,07:07:00,3,4094.5,99.96
25650,07:07:30,3,4094.5,99.96
25680,07:08:00,3,4094.5,99.96
25710,07:08:30,3,4094.5,99.96
25740,07:09:00,3,4094.5,99.96
25770,07:09:30,3,4094.5,99.96
25800,07:10:00,3,4094.5,99.96
25830,07:10:30,3,4094.5,99.96
25860,07:11:00,3,4094.5,99.96
25890,07:11:30,3,4094.5,99.96
25920,07:12:00,3,4094.5,99.96
25950,07:12:30,3,4094.5,99.96
25980,07:13:00,3,4094.5,99.96
26010,07:13:30,3,4094.5,99.96
26040,07:14:00,3,4094.5,99.96
26070,07:14:30,3,4094.5,99.96
26100,07:15:00,3,4094.5,99.96
26130,07:15:30,3,4094.5,99.96
26160,07:16:00,3,4094.5,99.96
26190,07:16:30,3,4094.5,99.96
26220,07:17:00,3,4094.5,99.96
26250,07:17:30,3,4094.5,99.96
26280,07:18:00,3,4094.5,99.96
26310,07:18:30,3,4094.5,99.96
26340,07:19:00,3,4094.5,99.96
26370,07:19:30,3,4094.5,99.96
26400,07:20:00,3,4094.5,99.96
26430,07:20:30,3,4094.5,99.96
26460,07:21:00,3,4094.5,99.96
26490,07:21:30,3,4094.5,99.96
26520,07:22:00,3,4094.5,99.96
26550,07:22:30,3,4094.5,99.96
26580,07:23:00,3,4094.5,99.96
26610,07:23:30,3,4094.5,99.96
26640,07:24:00,3,4094.5,99.96
26670,07:24:30,3,4094.5,99.96
26700,07:25:00,3,4094.5,99.96
26730,07:25:30,3,4094.5,99.96
26760,07:26:00,3,4094.5,99.96
26790,07:26:30,3,4094.5,99.96
26820,07:27:00,3,4094.5,99.96
26850,07:27:30,3,4094.5,99.96
26880,07:28:00,3,4094.5,99.96
26910,07:28:30,3,4094.5,99.96
26940,07:29:00,3,4094.5,99.96
26970,07:29:30,3,4094.5,99.96
27000,07:30:00,3,4094.5,99.96
27030,07:30:30,3,4094.5,99.96
27060,07:31:00,3,4094.5,99.96
27090,07:31:30,3,4094.5,99.96
27120,07:32:00,3,4094.5,99.96
27150,07:32:30,3,4094.5,99.96
27180,07:33:00,3,4094.5,99.96
27210,07:33:30,3,4094.5,99.96
27240,07:34:00,3,4094.5,99.96
27270,07:34:30,3,4094.5,99.96
27300,07:35:00,3,4094.5,99.96
27330,07:35:30,3,4094.5,99.96
27360,07:36:00,3,4094.5,99.96
27390,07:36:30,3,4094.5,99.96
27420,07:37:00,3,4094.5,99.96
27450,07:37:30,3,4094.5,99.96
27480,07:38:00,3,4094.5,99.96
27510,07:38:30,3,4094.5,99.96
27540,07:39:00,3,4094.5,99.96
27570,07:39:30,3,4094.5,99.96
27600,07:40:00,3,4094.5,99.96
27630,07:40:30,3,4094.5,99.96
27660,07:41:00,3,4094.5,99.96
27690,07:41:30,3,4094.5,99.96
27720,07:42:00,3,4094.5,99.96
27750,07:42:30,3,4094.5,99.96
27780,07:43:00,3,4094.5,99.96
27810,07:43:30,3,4094.5,99.96
27840,07:44:00,3,4094.5,99.96
27870,07:44:30,3,4094.5,99.96
27900,07:45:00,3,4094.5,99.96
27930,07:45:30,3,4094.5,99.96
27960,07:46:00,3,4094.5,99.96
27990,07:46:30,3,4094.5,99.96
28020,07:47:00,3,4094.5,99.96
28050,07:47:30,3,4094.5,99.96
28080,07:48:00,3,4094.5,99.96
28110,07:48:30,3,4094.5,99.96
28140,07:49:00,3,4094.5,99.96
28170,07:49:30,3,4094.5,99.96
28200,07:50:00,3,4094.5,99.96
28230,07:50:30,3,4094.5,99.96
28260,07:51:00,3,4094.5,99.96
28290,07:51:30,3,4094.5,99.96
28320,07:52:00,3,4094.5,99.96
28350,07:52:30,3,4094.5,99.96
28380,07:53:00,3,4094.5,99.96
28410,07:53:30,3,4094.5,99.96
28440,07:54:00,3,4094.5,99.96
28470,07:54:30,3,4094.5,99.96
28500,07:55:00,3,4094.5,99.96
28530,07:55:30,3,4094.5,99.96
28560,07:56:00,3,4094.5,99.96
28590,07:56:30,3,4094.5,99.96
28620,07:57:00,3,4094.5,99.96
28650,07:57:30,3,4094.5,99.96
28680,07:58:00,3,4094.5,99.96
28710,07:58:30,3,4094.5,99.96
28740,07:59:00,3,4094.5,99.96
28770,07:59:30,3,4094.5,99.96
28800,08:00:00,3,4094.5,99.96
28830,08:00:30,3,4094.5,99.96
28860,08:01:00,3,4094.5,99.96
28890,08:01:30,3,4094.5,99.96
28920,08:02:00,3,4094.5,99.96
28950,08:02:30,3,4094.5,99.96
28980,08:03:00,3,4094.5,99.96
29010,08:03:30,3,4094.5,99.96
29040,08:04:00,3,4094.5,99.96
29070,08:04:30,3,4094.5,99.96
29100,08:05:00,3,4094.5,99.96
29130,08:05:30,3,4094.5,99.96
29160,08:06:00,3,4094.5,99.96
29190,08:06:30,3,4094.5,99.96
29220,08:07:00,3,4094.5,99.96
29250,08:07:30,3,4094.5,99.96
29280,08:08:00,3,4094.5,99.96
29310,08:08:30,3,4094.5,99.96
29340,08:09:00,3,4094.5,99.96
29370,08:09:30,3,4094.5,99.96
29400,08:10:00,3,4094.5,99.96
29430,08:10:30,3,4094.5,99.96
29460,08:11:00,3,4094.5,99.96
29490,08:11:30,3,4094.5,99.96
29520,08:12:00,3,4094.5,99.96
29550,08:12:30,3,4094.5,99.96
29580,08:13:00,3,4094.5,99.96
29610,08:13:30,3,4094.5,99.96
29640,08:14:00,3,4094.5,99.96
29670,08:14:30,3,4094.5,99.96
29700,08:15:00,3,4094.5,99.96
29730,08:15:30,3,4094.5,99.96
29760,08:16:00,3,4094.5,99.96
29790,08:16:30,3,4094.5,99.96
29820,08:17:00,3,4094.5,99.96
29850,08:17:30,3,4094.5,99.96
29880,08:18:00,3,4094.5,99.96
29910,08:18:30,3,4094.5,99.96
29940,08:19:00,3,4094.5,99.96
29970,08:19:30,3,4094.5,99.96
30000,08:20:00,3,4094.5,99.96
30030,08:20:30,3,4094.5,99.96
30060,08:21:00,3,4094.5,99.96
30090,08:21:30,3,4094.5,99.96
30120,08:22:00,3,4094.5,99.96
30150,08:22:30,3,4094.5,99.96
30180,08:23:00,3,4094.5,99.96
30210,08:23:30,3,4094.5,99.96
30240,08:24:00,3,4094.5,99.96
30270,08:24:30,3,4094.5,99.96
30300,08:25:00,3,4094.5,99.96
30330,08:25:30,3,4094.5,99.96
30360,08:26:00,3,4094.5,99.96
30390,08:26:30,3,4094.5,99.96
30420,08:27:00,3,4094.5,99.96
30450,08:27:30,3,4094.5,99.96
30480,08:28:00,3,4094.5,99.96
30510,08:28:30,3,4094.5,99.96
30540,08:29:00,3,4094.5,99.96
30570,08:29:30,3,4094.5,99.96
30600,08:30:00,3,4094.5,99.96
30630,08:30:30,3,4094.5,99.96
30660,08:31:00,3,4094.5,99.96
30690,08:31:30,3,4094.5,99.96
30720,08:32:00,3,4094.5,99.96
30750,08:32:30,3,4094.5,99.96
30780,08:33:00,3,4094.5,99.96
30810,08:33:30,3,4094.5,99.96
30840,08:34:00,3,4094.5,99.96
30870,08:34:30,3,4094.5,99.96
30900,08:35:00,3,4094.5,99.96
30930,08:35:30,3,4094.5,99.96
30960,08:36:00,3,4094.5,99.96
30990,08:36:30,3,4094.5,99.96
31020,08:37:00,3,4094.5,99.96
31050,08:37:30,3,4094.5,99.96
31080,08:38:00,3,4094.5,99.96
31110,08:38:30,3,4094.5,99.96
31140,08:39:00,3,4094.5,99.96
31170,08:39:30,3,4094.5,99.96
31200,08:40:00,3,4094.5,99.96
31230,08:40:30,3,4094.5,99.96
31260,08:41:00,3,4094.5,99.96
31290,08:41:30,3,4094.5,99.96
31320,08:42:00,3,4094.5,99.96
31350,08:42:30,3,4094.5,99.96
31380,08:43:00,3,4094.5,99.96
31410,08:43:30,3,4094.5,99.96
31440,08:44:00,3,4094.5,99.96
31470,08:44:30,3,4094.5,99.96
31500,08:45:00,3,4094.5,99.96
31530,08:45:30,3,4094.5,99.96
31560,08:46:00,3,4094.5,99.96
31590,08:46:30,3,4094.5,99.96
31620,08:47:00,3,4094.5,99.96
31650,08:47:30,3,4094.5,99.96
31680,08:48:00,3,4094.5,99.96
31710,08:48:30,3,4094.5,99.96
31740,08:49:00,3,4094.5,99.96
31770,08:49:30,3,4094.5,99.96
31800,08:50:00,3,4094.5,99.96
31830,08:50:30,3,4094.5,99.96
31860,08:51:00,3,4094.5,99.96
31890,08:51:30,3,4094.5,99.96
31920,08:52:00,3,4094.5,99.96
31950,08:52:30,3,4094.5,99.96
31980,08:53:00,3,4094.5,99.96
32010,08:53:30,3,4094.5,99.96
32040,08:54:00,3,4094.5,99.96
32070,08:54:30,3,4094.5,99.96
32100,08:55:00,3,4094.5,99.96
32130,08:55:30,3,4094.5,99.96
32160,08:56:00,3,4094.5,99.96
32190,08:56:30,3,4094.5,99.96
32220,08:57:00,3,4094.5,99.96
32250,08:57:30,3,4094.5,99.96
32280,08:58:00,3,4094.5,99.96
32310,08:58:30,3,4094.5,99.96
32340,08:59:00,3,4094.5,99.96
32370,08:59:30,3,4094.5,99.96
32400,09:00:00,3,4094.5,99.96
32430,09:00:30,3,4094.5,99.96
32460,09:01:00,3,4094.5,99.96
32490,09:01:30,3,4094.5,99.96
32520,09:02:00,3,4094.5,99.96
32550,09:02:30,3,4094.5,99.96
32580,09:03:00,3,4094.5,99.96
32610,09:03:30,3,4094.5,99.96
32640,09:04:00,3,4094.5,99.96
32670,09:04:30,3,4094.5,99.96
32700,09:05:00,3,4094.5,99.96
32730,09:05:30,3,4094.5,99.96
32760,09:06:00,3,4094.5,99.96
32790,09:06:30,3,4094.5,99.96
32820,09:07:00,3,4094.5,99.96
32850,09:07:30,3,4094.5,99.96
32880,09:08:00,3,4094.5,99.96
32910,09:08:30,3,4094.5,99.96
32940,09:09:00,3,4094.5,99.96
32970,09:09:30,3,4094.5,99.96
33000,09:10:00,3,4094.5,99.96
33030,09:10:30,3,4094.5,99.96
33060,09:11:00,3,4094.5,99.96
33090,09:11:30,3,4094.5,99.96
33120,09:12:00,3,4094.5,99.96
33150,09:12:30,3,4094.5,99.96
33180,09:13:00,3,4094.5,99.96
33210,09:13:30,3,4094.5,99.96
33240,09:14:00,3,4094.5,99.96
33270,09:14:30,3,4094.5,99.96
33300,09:15:00,3,4094.5,99.96
33330,09:15:30,3,4094.5,99.96
33360,09:16:00,3,4094.5,99.96
33390,09:16:30,3,4094.5,99.96
33420,09:17:00,3,4094.5,99.96
33450,09:17:30,3,4094.5,99.96
33480,09:18:00,3,4094.5,99.96
33510,09:18:30,3,4094.5,99.96
33540,09:19:00,3,4094.5,99.96
33570,09:19:30,3,4094.5,99.96
33600,09:20:00,3,4094.5,99.96
33630,09:20:30,3,4094.5,99.96
33660,09:21:00,3,4094.5,99.96
33690,09:21:30,3,4094.5,99.96
33720,09:22:00,3,4094.5,99.96
33750,09:22:30,3,4094.5,99.96
33780,09:23:00,3,4094.5,99.96
33810,09:23:30,3,4094.5,99.96
33840,09:24:00,3,4094.5,99.96
33870,09:24:30,3,4094.5,99.96
33900,09:25:00,3,4094.5,99.96
33930,09:25:30,3,4094.5,99.96
33960,09:26:00,3,4094.5,99.96
33990,09:26:30,3,4094.5,99.96
34020,09:27:00,3,4094.5,99.96
34050,09:27:30,3,4094.5,99.96
34080,09:28:00,3,4094.5,99.96
34110,09:28:30,3,4094.5,99.96
34140,09:29:00,3,4094.5,99.96
34170,09:29:30,3,4094.5,99.96
34200,09:30:00,3,4094.5,99.96
34230,09:30:30,3,4094.5,99.96
34260,09:31:00,3,4094.5,99.96
34290,09:31:30,3,4094.5,99.96
34320,09:32:00,3,4094.5,99.96
34350,09:32:30,3,4094.5,99.96
34380,09:33:00,3,4094.5,99.96
34410,09:33:30,3,4094.5,99.96
34440,09:34:00,3,4094.5,99.96
34470,09:34:30,3,4094.5,99.96
34500,09:35:00,3,4094.5,99.96
34530,09:35:30,3,4094.5,99.96
34560,09:36:00,3,4094.5,99.96
34590,09:36:30,3,4094.5,99.96
34620,09:37:00,3,4094.5,99.96
34650,09:37:30,3,4094.5,99.96
34680,09:38:00,3,4094.5,99.96
34710,09:38:30,3,4094.5,99.96
34740,09:39:00,3,4094.5,99.96
34770,09:39:30,3,4094.5,99.96
34800,09:40:00,3,4094.5,99.96
34830,09:40:30,3,4094.5,99.96
34860,09:41:00,3,4094.5,99.96
34890,09:41:30,3,4094.5,99.96
34920,09:42:00,3,4094.5,99.96
34950,09:42:30,3,4094.5,99.96
34980,09:43:00,3,4094.5,99.96
35010,09:43:30,3,4094.5,99.96
35040,09:44:00,3,4094.5,99.96
35070,09:44:30,3,4094.5,99.96
35100,09:45:00,3,4094.5,99.96
35130,09:45:30,3,4094.5,99.96
35160,09:46:00,3,4094.5,99.96
35190,09:46:30,3,4094.5,99.96
35220,09:47:00,3,4094.5,99.96
35250,09:47:30,3,4094.5,99.96
35280,09:48:00,3,4094.5,99.96
35310,09:48:30,3,4094.5,99.96
35340,09:49:00,3,4094.5,99.96
35370,09:49:30,3,4094.5,99.96
35400,09:50:00,3,4094.5,99.96
35430,09:50:30,3,4094.5,99.96
35460,09:51:00,3,4094.5,99.96
35490,09:51:30,3,4094.5,99.96
35520,09:52:00,3,4094.5,99.96
35550,09:52:30,3,4094.5,99.96
35580,09:53:00,3,4094.5,99.96
35610,09:53:30,3,4094.5,99.96
35640,09:54:00,3,4094.5,99.96
35670,09:54:30,3,4094.5,99.96
35700,09:55:00,3,4094.5,99.96
35730,09:55:30,3,4094.5,99.96
35760,09:56:00,3,4094.5,99.96
35790,09:56:30,3,4094.5,99.96
35820,09:57:00,3,4094.5,99.96
35850,09:57:30,3,4094.5,99.96
35880,09:58:00,3,4094.5,99.96
35910,09:58:30,3,4094.5,99.96
35940,09:59:00,3,4094.5,99.96
35970,09:59:30,3,4094.5,99.96
36000,10:00:00,3,4094.5,99.96
36030,10:00:30,3,4094.5,99.96
36060,10:01:00,3,4094.5,99.96
36090,10:01:30,3,4094.5,99.96
36120,10:02:00,3,4094.5,99.96
36150,10:02:30,3,4094.5,99.96
36180,10:03:00,3,4094.5,99.96
36210,10:03:30,3,4094.5,99.96
36240,10:04:00,3,4094.5,99.96
36270,10:04:30,3,4094.5,99.96
36300,10:05:00,3,4094.5,99.96
36330,10:05:30,3,4094.5,99.96
36360,10:06:00,3,4094.5,99.96
36390,10:06:30,3,4094.5,99.96
36420,10:07:00,3,4094.5,99.96
36450,10:07:30,3,4094.5,99.96
36480,10:08:00,3,4094.5,99.96
36510,10:08:30,3,4094.5,99.96
36540,10:09:00,3,4094.5,99.96
36570,10:09:30,3,4094.5,99.96
36600,10:10:00,3,4094.5,99.96
36630,10:10:30,3,4094.5,99.96
36660,10:11:00,3,4094.5,99.96
36690,10:11:30,3,4094.5,99.96
36720,10:12:00,3,4094.5,99.96
36750,10:12:30,3,4094.5,99.96
36780,10:13:00,3,4094.5,99.96
36810,10:13:30,3,4094.5,99.96
36840,10:14:00,3,4094.5,99.96
36870,10:14:30,3,4094.5,99.96
36900,10:15:00,3,4094.5,99.96
36930,10:15:30,3,4094.5,99.96
36960,10:16:00,3,4094.5,99.96
36990,10:16:30,3,4094.5,99.96
37020,10:17:00,3,4094.5,99.96
37050,10:17:30,3,4094.5,99.96
37080,10:18:00,3,4094.5,99.96
37110,10:18:30,3,4094.5,99.96
37140,10:19:00,3,4094.5,99.96
37170,10:19:30,3,4094.5,99.96
37200,10:20:00,3,4094.5,99.96
37230,10:20:30,3,4094.5,99.96
37260,10:21:00,3,4094.5,99.96
37290,10:21:30,3,4094.5,99.96
37320,10:22:00,3,4094.5,99.96
37350,10:22:30,3,4094.5,99.96
37380,10:23:00,3,4094.5,99.96
37410,10:23:30,3,4094.5,99.96
37440,10:24:00,3,4094.5,99.96
37470,10:24:30,3,4094.5,99.96
37500,10:25:00,3,4094.5,99.96
37530,10:25:30,3,4094.5,99.96
37560,10:26:00,3,4094.5,99.96
37590,10:26:30,3,4094.5,99.96
37620,10:27:00,3,4094.5,99.96
37650,10:27:30,3,4094.5,99.96
37680,10:28:00,3,4094.5,99.96
37710,10:28:30,3,4094.5,99.96
37740,10:29:00,3,4094.5,99.96
37770,10:29:30,3,4094.5,99.96
37800,10:30:00,3,4094.5,99.96
37830,10:30:30,3,4094.5,99.96
37860,10:31:00,3,4094.5,99.96
37890,10:31:30,3,4094.5,99.96
37920,10:32:00,3,4094.5,99.96
37950,10:32:30,3,4094.5,99.96
37980,10:33:00,3,4094.5,99.96
38010,10:33:30,3,4094.5,99.96
38040,10:34:00,3,4094.5,99.96
38070,10:34:30,3,4094.5,99.96
38100,10:35:00,3,4094.5,99.96
38130,10:35:30,3,4094.5,99.96
38160,10:36:00,3,4094.5,99.96
38190,10:36:30,3,4094.5,99.96
38220,10:37:00,3,4094.5,99.96
38250,10:37:30,3,4094.5,99.96
38280,10:38:00,3,4094.5,99.96
38310,10:38:30,3,4094.5,99.96
38340,10:39:00,3,4094.5,99.96
38370,10:39:30,3,4094.5,99.96
38400,10:40:00,3,4094.5,99.96
38430,10:40:30,3,4094.5,99.96
38460,10:41:00,3,4094.5,99.96
38490,10:41:30,3,4094.5,99.96
38520,10:42:00,3,4094.5,99.96
38550,10:42:30,3,4094.5,99.96
38580,10:43:00,3,4094.5,99.96
38610,10:43:30,3,4094.5,99.96
38640,10:44:00,3,4094.5,99.96
38670,10:44:30,3,4094.5,99.96
38700,10:45:00,3,4094.5,99.96
38730,10:45:30,3,4094.5,99.96
38760,10:46:00,3,4094.5,99.96
38790,10:46:30,3,4094.5,99.96
38820,10:47:00,3,4094.5,99.96
38850,10:47:30,3,4094.5,99.96
38880,10:48:00,3,4094.5,99.96
38910,10:48:30,3,4094.5,99.96
38940,10:49:00,3,4094.5,99.96
38970,10:49:30,3,4094.5,99.96
39000,10:50:00,3,4094.5,99.96
39030,10:50:30,3,4094.5,99.96
39060,10:51:00,3,4094.5,99.96
39090,10:51:30,3,4094.5,99.96
39120,10:52:00,3,4094.5,99.96
39150,10:52:30,3,4094.5,99.96
39180,10:53:00,3,4094.5,99.96
39210,10:53:30,3,4094.5,99.96
39240,10:54:00,3,4094.5,99.96
39270,10:54:30,3,4094.5,99.96
39300,10:55:00,3,4094.5,99.96
39330,10:55:30,3,4094.5,99.96
39360,10:56:00,3,4094.5,99.96
39390,10:56:30,3,4094.5,99.96
39420,10:57:00,3,4094.5,99.96
39450,10:57:30,3,4094.5,99.96
39480,10:58:00,3,4094.5,99.96
39510,10:58:30,3,4094.5,99.96
39540,10:59:00,3,4094.5,99.96
39570,10:59:30,3,4094.5,99.96
39600,11:00:00,3,4094.5,99.96
39630,11:00:30,3,4094.5,99.96
39660,11:01:00,3,4094.5,99.96
39690,11:01:30,3,4094.5,99.96
39720,11:02:00,3,4094.5,99.96
39750,11:02:30,3,4094.5,99.96
39780,11:03:00,3,4094.5,99.96
39810,11:03:30,3,4094.5,99.96
39840,11:04:00,3,4094.5,99.96
39870,11:04:30,3,4094.5,99.96
39900,11:05:00,3,4094.5,99.96
39930,11:05:30,3,4094.5,99.96
39960,11:06:00,3,4094.5,99.96
39990,11:06:30,3,4094.5,99.96
40020,11:07:00,3,4094.5,99.96
40050,11:07:30,3,4094.5,99.96
40080,11:08:00,3,4094.5,99.96
40110,11:08:30,3,4094.5,99.96
40140,11:09:00,3,4094.5,99.96
40170,11:09:30,3,4094.5,99.96
40200,11:10:00,3,4094.5,99.96
40230,11:10:30,3,4094.5,99.96
40260,11:11:00,3,4094.5,99.96
40290,11:11:30,3,4094.5,99.96
40320,11:12:00,3,4094.5,99.96
40350,11:12:30,3,4094.5,99.96
40380,11:13:00,3,4094.5,99.96
40410,11:13:30,3,4094.5,99.96
40440,11:14:00,3,4094.5,99.96
40470,11:14:30,3,4094.5,99.96
40500,11:15:00,3,4094.5,99.96
40530,11:15:30,3,4094.5,99.96
40560,11:16:00,3,4094.5,99.96
40590,11:16:30,3,4094.5,99.96
40620,11:17:00,3,4094.5,99.96
40650,11:17:30,3,4094.5,99.96
40680,11:18:00,3,4094.5,99.96
40710,11:18:30,3,4094.5,99.96
40740,11:19:00,3,4094.5,99.96
40770,11:19:30,3,4094.5,99.96
40800,11:20:00,3,4094.5,99.96
40830,11:20:30,3,4094.5,99.96
40860,11:21:00,3,4094.5,99.96
40890,11:21:30,3,4094.5,99.96
40920,11:22:00,3,4094.5,99.96
40950,11:22:30,3,4094.5,99.96
40980,11:23:00,3,4094.5,99.96
41010,11:23:30,3,4094.5,99.96
41040,11:24:00,3,4094.5,99.96
41070,11:24:30,3,4094.5,99.96
41100,11:25:00,3,4094.5,99.96
41130,11:25:30,3,4094.5,99.96
41160,11:26:00,3,4094.5,99.96
41190,11:26:30,3,4094.5,99.96
41220,11:27:00,3,4094.5,99.96
41250,11:27:30,3,4094.5,99.96
41280,11:28:00,3,4094.5,99.96
41310,11:28:30,3,4094.5,99.96
41340,11:29:00,3,4094.5,99.96
41370,11:29:30,3,4094.5,99.96
41400,11:30:00,3,4094.5,99.96
41430,11:30:30,3,4094.5,99.96
41460,11:31:00,3,4094.5,99.96
41490,11:31:30,3,4094.5,99.96
41520,11:32:00,3,4094.5,99.96
41550,11:32:30,3,4094.5,99.96
41580,11:33:00,3,4094.5,99.96
41610,11:33:30,3,4094.5,99.96
41640,11:34:00,3,4094.5,99.96
41670,11:34:30,3,4094.5,99.96
41700,11:35:00,3,4094.5,99.96
41730,11:35:30,3,4094.5,99.96
41760,11:36:00,3,4094.5,99.96
41790,11:36:30,3,4094.5,99.96
41820,11:37:00,3,4094.5,99.96
41850,11:37:30,3,4094.5,99.96
41880,11:38:00,3,4094.5,99.96
41910,11:38:30,3,4094.5,99.96
41940,11:39:00,3,4094.5,99.96
41970,11:39:30,3,4094.5,99.96
42000,11:40:00,3,4094.5,99.96
42030,11:40:30,3,4094.5,99.96
42060,11:41:00,3,4094.5,99.96
42090,11:41:30,3,4094.5,99.96
42120,11:42:00,3,4094.5,99.96
42150,11:42:30,3,4094.5,99.96
42180,11:43:00,3,4094.5,99.96
42210,11:43:30,3,4094.5,99.96
42240,11:44:00,3,4094.5,99.96
42270,11:44:30,3,4094.5,99.96
42300,11:45:00,3,4094.5,99.96
42330,11:45:30,3,4094.5,99.96
42360,11:46:00,3,4094.5,99.96
42390,11:46:30,3,4094.5,99.96
42420,11:47:00,3,4094.5,99.96
42450,11:47:30,3,4094.5,99.96
42480,11:48:00,3,4094.5,99.96
42510,11:48:30,3,4094.5,99.96
42540,11:49:00,3,4094.5,99.96
42570,11:49:30,3,4094.5,99.96
42600,11:50:00,3,4094.5,99.96
42630,11:50:30,3,4094.5,99.96
42660,11:51:00,3,4094.5,99.96
42690,11:51:30,3,4094.5,99.96
42720,11:52:00,3,4094.5,99.96
42750,11:52:30,3,4094.5,99.96
42780,11:53:00,3,4094.5,99.96
42810,11:53:30,3,4094.5,99.96
42840,11:54:00,3,4094.5,99.96
42870,11:54:30,3,4094.5,99.96
42900,11:55:00,3,4094.5,99.96
42930,11:55:30,3,4094.5,99.96
42960,11:56:00,3,4094.5,99.96
42990,11:56:30,3,4094.5,99.96
43020,11:57:00,3,4094.5,99.96
43050,11:57:30,3,4094.5,99.96
43080,11:58:00,3,4094.5,99.96
43110,11:58:30,3,4094.5,99.96
43140,11:59:00,3,4094.5,99.96
43170,11:59:30,3,4094.5,99.96
43200,12:00:00,3,4094.5,99.96
43230,12:00:30,3,4094.5,99.96
43260,12:01:00,3,4094.5,99.96
43290,12:01:30,3,4094.5,99.96
43320,12:02:00,3,4094.5,99.96
43350,12:02:30,3,4094.5,99.96
43380,12:03:00,3,4094.5,99.96
43410,12:03:30,3,4094.5,99.96
43440,12:04:00,3,4094.5,99.96
43470,12:04:30,3,4094.5,99.96
43500,12:05:00,3,4094.5,99.96
43530,12:05:30,3,4094.5,99.96
43560,12:06:00,3,4094.5,99.96
43590,12:06:30,3,4094.5,99.96
43620,12:07:00,3,4094.5,99.96
43650,12:07:30,3,4094.5,99.96
43680,12:08:00,3,4094.5,99.96
43710,12:08:30,3,4094.5,99.96
43740,12:09:00,3,4094.5,99.96
43770,12:09:30,3,4094.5,99.96
43800,12:10:00,3,4094.5,99.96
43830,12:10:30,3,4094.5,99.96
43860,12:11:00,3,4094.5,99.96
43890,12:11:30,3,4094.5,99.96
43920,12:12:00,3,4094.5,99.96
43950,12:12:30,3,4094.5,99.96
43980,12:13:00,3,4094.5,99.96
44010,12:13:30,3,4094.5,99.96
44040,12:14:00,3,4094.5,99.96
44070,12:14:30,3,4094.5,99.96
44100,12:15:00,3,4094.5,99.96
44130,12:15:30,3,4094.5,99.96
44160,12:16:00,3,4094.5,99.96
44190,12:16:30,3,4094.5,99.96
44220,12:17:00,3,4094.5,99.96
44250,12:17:30,3,4094.5,99.96
44280,12:18:00,3,4094.5,99.96
44310,12:18:30,3,4094.5,99.96
44340,12:19:00,3,4094.5,99.96
44370,12:19:30,3,4094.5,99.96
44400,12:20:00,3,4094.5,99.96
44430,12:20:30,3,4094.5,99.96
44460,12:21:00,3,4094.5,99.96
44490,12:21:30,3,4094.5,99.96
44520,12:22:00,3,4094.5,99.96
44550,12:22:30,3,4094.5,99.96
44580,12:23:00,3,4094.5,99.96
44610,12:23:30,3,4094.5,99.96
44640,12:24:00,3,4094.5,99.96
44670,12:24:30,3,4094.5,99.96
44700,12:25:00,3,4094.5,99.96
44730,12:25:30,3,4094.5,99.96
44760,12:26:00,3,4094.5,99.96
44790,12:26:30,3,4094.5,99.96
44820,12:27:00,3,4094.5,99.96
44850,12:27:30,3,4094.5,99.96
44880,12:28:00,3,4094.5,99.96
44910,12:28:30,3,4094.5,99.96
44940,12:29:00,3,4094.5,99.96
44970,12:29:30,3,4094.5,99.96
45000,12:30:00,3,4094.5,99.96
45030,12:30:30,3,4094.5,99.96
45060,12:31:00,3,4094.5,99.96
45090,12:31:30,3,4094.5,99.96
45120,12:32:00,3,4094.5,99.96
45150,12:32:30,3,4094.5,99.96
45180,12:33:00,3,4094.5,99.96
45210,12:33:30,3,4094.5,99.96
45240,12:34:00,3,4094.5,99.96
45270,12:34:30,3,4094.5,99.96
45300,12:35:00,3,4094.5,99.96
45330,12:35:30,3,4094.5,99.96
45360,12:36:00,3,4094.5,99.96
45390,12:36:30,3,4094.5,99.96
45420,12:37:00,3,4094.5,99.96
45450,12:37:30,3,4094.5,99.96
45480,12:38:00,3,4094.5,99.96
45510,12:38:30,3,4094.5,99.96
45540,12:39:00,3,4094.5,99.96
45570,12:39:30,3,4094.5,99.96
45600,12:40:00,3,4094.5,99.96
45630,12:40:30,3,4094.5,99.96
45660,12:41:00,3,4094.5,99.96
45690,12:41:30,3,4094.5,99.96
45720,12:42:00,3,4094.5,99.96
45750,12:42:30,3,4094.5,99.96
45780,12:43:00,3,4094.5,99.96
45810,12:43:30,3,4094.5,99.96
45840,12:44:00,3,4094.5,99.96
45870,12:44:30,3,4094.5,99.96
45900,12:45:00,3,4094.5,99.96
45930,12:45:30,3,4094.5,99.96
45960,12:46:00,3,4094.5,99.96
45990,12:46:30,3,4094.5,99.96
46020,12:47:00,3,4094.5,99.96
46050,12:47:30,3,4094.5,99.96
46080,12:48:00,3,4094.5,99.96
46110,12:48:30,3,4094.5,99.96
46140,12:49:00,3,4094.5,99.96
46170,12:49:30,3,4094.5,99.96
46200,12:50:00,3,4094.5,99.96
46230,12:50:30,3,4094.5,99.96
46260,12:51:00,3,4094.5,99.96
46290,12:51:30,3,4094.5,99.96
46320,12:52:00,3,4094.5,99.96
46350,12:52:30,3,4094.5,99.96
46380,12:53:00,3,4094.5,99.96
46410,12:53:30,3,4094.5,99.96
46440,12:54:00,3,4094.5,99.96
46470,12:54:30,3,4094.5,99.96
46500,12:55:00,3,4094.5,99.96
46530,12:55:30,3,4094.5,99.96
46560,12:56:00,3,4094.5,99.96
46590,12:56:30,3,4094.5,99.96
46620,12:57:00,3,4094.5,99.96
46650,12:57:30,3,4094.5,99.96
46680,12:58:00,3,4094.5,99.96
46710,12:58:30,3,4094.5,99.96
46740,12:59:00,3,4094.5,99.96
46770,12:59:30,3,4094.5,99.96
46800,13:00:00,3,4094.5,99.96
46830,13:00:30,3,4094.5,99.96
46860,13:01:00,3,4094.5,99.96
46890,13:01:30,3,4094.5,99.96
46920,13:02:00,3,4094.5,99.96
46950,13:02:30,3,4094.5,99.96
46980,13:03:00,3,4094.5,99.96
47010,13:03:30,3,4094.5,99.96
47040,13:04:00,3,4094.5,99.96
47070,13:04:30,3,4094.5,99.96
47100,13:05:00,3,4094.5,99.96
47130,13:05:30,3,4094.5,99.96
47160,13:06:00,3,4094.5,99.96
47190,13:06:30,3,4094.5,99.96
47220,13:07:00,3,4094.5,99.96
47250,13:07:30,3,4094.5,99.96
47280,13:08:00,3,4094.5,99.96
47310,13:08:30,3,4094.5,99.96
47340,13:09:00,3,4094.5,99.96
47370,13:09:30,3,4094.5,99.96
47400,13:10:00,3,4094.5,99.96
47430,13:10:30,3,4094.5,99.96
47460,13:11:00,3,4094.5,99.96
47490,13:11:30,3,4094.5,99.96
47520,13:12:00,3,4094.5,99.96
47550,13:12:30,3,4094.5,99.96
47580,13:13:00,3,4094.5,99.96
47610,13:13:30,3,4094.5,99.96
47640,13:14:00,3,4094.5,99.96
47670,13:14:30,3,4094.5,99.96
47700,13:15:00,3,4094.5,99.96
47730,13:15:30,3,4094.5,99.96
47760,13:16:00,3,4094.5,99.96
47790,13:16:30,3,4094.5,99.96
47820,13:17:00,3,4094.5,99.96
47850,13:17:30,3,4094.5,99.96
47880,13:18:00,3,4094.5,99.96
47910,13:18:30,3,4094.5,99.96
47940,13:19:00,3,4094.5,99.96
47970,13:19:30,3,4094.5,99.96
48000,13:20:00,3,4094.5,99.96
48030,13:20:30,3,4094.5,99.96
48060,13:21:00,3,4094.5,99.96
48090,13:21:30,3,4094.5,99.96
48120,13:22:00,3,4094.5,99.96
48150,13:22:30,3,4094.5,99.96
48180,13:23:00,3,4094.5,99.96
48210,13:23:30,3,4094.5,99.96
48240,13:24:00,3,4094.5,99.96
48270,13:24:30,3,4094.5,99.96
48300,13:25:00,3,4094.5,99.96
48330,13:25:30,3,4094.5,99.96
48360,13:26:00,3,4094.5,99.96
48390,13:26:30,3,4094.5,99.96
48420,13:27:00,3,4094.5,99.96
48450,13:27:30,3,4094.5,99.96
48480,13:28:00,3,4094.5,99.96
48510,13:28:30,3,4094.5,99.96
48540,13:29:00,3,4094.5,99.96
48570,13:29:30,3,4094.5,99.96
48600,13:30:00,3,4094.5,99.96
48630,13:30:30,3,4094.5,99.96
48660,13:31:00,3,4094.5,99.96
48690,13:31:30,3,4094.5,99.96
48720,13:32:00,3,4094.5,99.96
48750,13:32:30,3,4094.5,99.96
48780,13:33:00,3,4094.5,99.96
48810,13:33:30,3,4094.5,99.96
48840,13:34:00,3,4094.5,99.96
48870,13:34:30,3,4094.5,99.96
48900,13:35:00,3,4094.5,99.96
48930,13:35:30,3,4094.5,99.96
48960,13:36:00,3,4094.5,99.96
48990,13:36:30,3,4094.5,99.96
49020,13:37:00,3,4094.5,99.96
49050,13:37:30,3,4094.5,99.96
49080,13:38:00,3,4094.5,99.96
49110,13:38:30,3,4094.5,99.96
49140,13:39:00,3,4094.5,99.96
49170,13:39:30,3,4094.5,99.96
49200,13:40:00,3,4094.5,99.96
49230,13:40:30,3,4094.5,99.96
49260,13:41:00,3,4094.5,99.96
49290,13:41:30,3,4094.5,99.96
49320,13:42:00,3,4094.5,99.96
49350,13:42:30,3,4094.5,99.96
49380,13:43:00,3,4094.5,99.96
49410,13:43:30,3,4094.5,99.96
49440,13:44:00,3,4094.5,99.96
49470,13:44:30,3,4094.5,99.96
49500,13:45:00,3,4094.5,99.96
49530,13:45:30,3,4094.5,99.96
49560,13:46:00,3,4094.5,99.96
49590,13:46:30,3,4094.5,99.96
49620,13:47:00,3,4094.5,99.96
49650,13:47:30,3,4094.5,99.96
49680,13:48:00,3,4094.5,99.96
49710,13:48:30,3,4094.5,99.96
49740,13:49:00,3,4094.5,99.96
49770,13:49:30,3,4094.5,99.96
49800,13:50:00,3,4094.5,99.96
49830,13:50:30,3,4094.5,99.96
49860,13:51:00,3,4094.5,99.96
49890,13:51:30,3,4094.5,99.96
49920,13:52:00,3,4094.5,99.96
49950,13:52:30,3,4094.5,99.96
49980,13:53:00,3,4094.5,99.96
50010,13:53:30,3,4094.5,99.96
50040,13:54:00,3,4094.5,99.96
50070,13:54:30,3,4094.5,99.96
50100,13:55:00,3,4094.5,99.96
50130,13:55:30,3,4094.5,99.96
50160,13:56:00,3,4094.5,99.96
50190,13:56:30,3,4094.5,99.96
50220,13:57:00,3,4094.5,99.96
50250,13:57:30,3,4094.5,99.96
50280,13:58:00,3,4094.5,99.96
50310,13:58:30,3,4094.5,99.96
50340,13:59:00,3,4094.5,99.96
50370,13:59:30,3,4094.5,99.96
50400,14:00:00,3,4094.5,99.96
50430,14:00:30,3,4094.5,99.96
50460,14:01:00,3,4094.5,99.96
50490,14:01:30,3,4094.5,99.96
50520,14:02:00,3,4094.5,99.96
50550,14:02:30,3,4094.5,99.96
50580,14:03:00,3,4094.5,99.96
50610,14:03:30,3,4094.5,99.96
50640,14:04:00,3,4094.5,99.96
50670,14:04:30,3,4094.5,99.96
50700,14:05:00,3,4094.5,99.96
50730,14:05:30,3,4094.5,99.96
50760,14:06:00,3,4094.5,99.96
50790,14:06:30,3,4094.5,99.96
50820,14:07:00,3,4094.5,99.96
50850,14:07:30,3,4094.5,99.96
50880,14:08:00,3,4094.5,99.96
50910,14:08:30,3,4094.5,99.96
50940,14:09:00,3,4094.5,99.96
50970,14:09:30,3,4094.5,99.96
51000,14:10:00,3,4094.5,99.96
51030,14:10:30,3,4094.5,99.96
51060,14:11:00,3,4094.5,99.96
51090,14:11:30,3,4094.5,99.96
51120,14:12:00,3,4094.5,99.96
51150,14:12:30,3,4094.5,99.96
51180,14:13:00,3,4094.5,99.96
51210,14:13:30,3,4094.5,99.96
51240,14:14:00,3,4094.5,99.96
51270,14:14:30,3,4094.5,99.96
51300,14:15:00,3,4094.5,99.96
51330,14:15:30,3,4094.5,99.96
51360,14:16:00,3,4094.5,99.96
51390,14:16:30,3,4094.5,99.96
51420,14:17:00,3,4094.5,99.96
51450,14:17:30,3,4094.5,99.96
51480,14:18:00,3,4094.5,99.96
51510,14:18:30,3,4094.5,99.96
51540,14:19:00,3,4094.5,99.96
51570,14:19:30,3,4094.5,99.96
51600,14:20:00,3,4094.5,99.96
51630,14:20:30,3,4094.5,99.96
51660,14:21:00,3,4094.5,99.96
51690,14:21:30,3,4094.5,99.96
51720,14:22:00,3,4094.5,99.96
51750,14:22:30,3,4094.5,99.96
51780,14:23:00,3,4094.5,99.96
51810,14:23:30,3,4094.5,99.96
51840,14:24:00,3,4094.5,99.96
51870,14:24:30,3,4094.5,99.96
51900,14:25:00,3,4094.5,99.96
51930,14:25:30,3,4094.5,99.96
51960,14:26:00,3,4094.5,99.96
51990,14:26:30,3,4094.5,99.96
52020,14:27:00,3,4094.5,99.96
52050,14:27:30,3,4094.5,99.96
52080,14:28:00,3,4094.5,99.96
52110,14:28:30,3,4094.5,99.96
52140,14:29:00,3,4094.5,99.96
52170,14:29:30,3,4094.5,99.96
52200,14:30:00,3,4094.5,99.96
52230,14:30:30,3,4094.5,99.96
52260,14:31:00,3,4094.5,99.96
52290,14:31:30,3,4094.5,99.96
52320,14:32:00,3,4094.5,99.96
52350,14:32:30,3,4094.5,99.96
52380,14:33:00,3,4094.5,99.96
52410,14:33:30,3,4094.5,99.96
52440,14:34:00,3,4094.5,99.96
52470,14:34:30,3,4094.5,99.96
52500,14:35:00,3,4094.5,99.96
52530,14:35:30,3,4094.5,99.96
52560,14:36:00,3,4094.5,99.96
52590,14:36:30,3,4094.5,99.96
52620,14:37:00,3,4094.5,99.96
52650,14:37:30,3,4094.5,99.96
52680,14:38:00,3,4094.5,99.96
52710,14:38:30,3,4094.5,99.96
52740,14:39:00,3,4094.5,99.96
52770,14:39:30,3,4094.5,99.96
52800,14:40:00,3,4094.5,99.96
52830,14:40:30,3,4094.5,99.96
52860,14:41:00,3,4094.5,99.96
52890,14:41:30,3,4094.5,99.96
52920,14:42:00,3,4094.5,99.96
52950,14:42:30,3,4094.5,99.96
52980,14:43:00,3,4094.5,99.96
53010,14:43:30,3,4094.5,99.96
53040,14:44:00,3,4094.5,99.96
53070,14:44:30,3,4094.5,99.96
53100,14:45:00,3,4094.5,99.96
53130,14:45:30,3,4094.5,99.96
53160,14:46:00,3,4094.5,99.96
53190,14:46:30,3,4094.5,99.96
53220,14:47:00,3,4094.5,99.96
53250,14:47:30,3,4094.5,99.96
53280,14:48:00,3,4094.5,99.96
53310,14:48:30,3,4094.5,99.96
53340,14:49:00,3,4094.5,99.96
53370,14:49:30,3,4094.5,99.96
53400,14:50:00,3,4094.5,99.96
53430,14:50:30,3,4094.5,99.96
53460,14:51:00,3,4094.5,99.96
53490,14:51:30,3,4094.5,99.96
53520,14:52:00,3,4094.5,99.96
53550,14:52:30,3,4094.5,99.96
53580,14:53:00,3,4094.5,99.96
53610,14:53:30,3,4094.5,99.96
53640,14:54:00,3,4094.5,99.96
53670,14:54:30,3,4094.5,99.96
53700,14:55:00,3,4094.5,99.96
53730,14:55:30,3,4094.5,99.96
53760,14:56:00,3,4094.5,99.96
53790,14:56:30,3,4094.5,99.96
53820,14:57:00,3,4094.5,99.96
53850,14:57:30,3,4094.5,99.96
53880,14:58:00,3,4094.5,99.96
53910,14:58:30,3,4094.5,99.96
53940,14:59:00,3,4094.5,99.96
53970,14:59:30,3,4094.5,99.96
54000,15:00:00,3,4094.5,99.96
54030,15:00:30,3,4094.5,99.96
54060,15:01:00,3,4094.5,99.96
54090,15:01:30,3,4094.5,99.96
54120,15:02:00,3,4094.5,99.96
54150,15:02:30,3,4094.5,99.96
54180,15:03:00,3,4094.5,99.96
54210,15:03:30,3,4094.5,99.96
54240,15:04:00,3,4094.5,99.96
54270,15:04:30,3,4094.5,99.96
54300,15:05:00,3,4094.5,99.96
54330,15:05:30,3,4094.5,99.96
54360,15:06:00,3,4094.5,99.96
54390,15:06:30,3,4094.5,99.96
54420,15:07:00,3,4094.5,99.96
54450,15:07:30,3,4094.5,99.96
54480,15:08:00,3,4094.5,99.96
54510,15:08:30,3,4094.5,99.96
54540,15:09:00,3,4094.5,99.96
54570,15:09:30,3,4094.5,99.96
54600,15:10:00,3,4094.5,99.96
54630,15:10:30,3,4094.5,99.96
54660,15:11:00,3,4094.5,99.96
54690,15:11:30,3,4094.5,99.96
54720,15:12:00,3,4094.5,99.96
54750,15:12:30,3,4094.5,99.96
54780,15:13:00,3,4094.5,99.96
54810,15:13:30,3,4094.5,99.96
54840,15:14:00,3,4094.5,99.96
54870,15:14:30,3,4094.5,99.96
54900,15:15:00,3,4094.5,99.96
54930,15:15:30,3,4094.5,99.96
54960,15:16:00,3,4094.5,99.96
54990,15:16:30,3,4094.5,99.96
55020,15:17:00,3,4094.5,99.96
55050,15:17:30,3,4094.5,99.96
55080,15:18:00,3,4094.5,99.96
55110,15:18:30,3,4094.5,99.96
55140,15:19:00,3,4094.5,99.96
55170,15:19:30,3,4094.5,99.96
55200,15:20:00,3,4094.5,99.96
55230,15:20:30,3,4094.5,99.96
55260,15:21:00,3,4094.5,99.96
55290,15:21:30,3,4094.5,99.96
55320,15:22:00,3,4094.5,99.96
55350,15:22:30,3,4094.5,99.96
55380,15:23:00,3,4094.5,99.96
55410,15:23:30,3,4094.5,99.96
55440,15:24:00,3,4094.5,99.96
55470,15:24:30,3,4094.5,99.96
55500,15:25:00,3,4094.5,99.96
55530,15:25:30,3,4094.5,99.96
55560,15:26:00,3,4094.5,99.96
55590,15:26:30,3,4094.5,99.96
55620,15:27:00,3,4094.5,99.96
55650,15:27:30,3,4094.5,99.96
55680,15:28:00,3,4094.5,99.96
55710,15:28:30,3,4094.5,99.96
55740,15:29:00,3,4094.5,99.96
55770,15:29:30,3,4094.5,99.96
55800,15:30:00,3,4094.5,99.96
55830,15:30:30,3,4094.5,99.96
55860,15:31:00,3,4094.5,99.96
55890,15:31:30,3,4094.5,99.96
55920,15:32:00,3,4094.5,99.96
55950,15:32:30,3,4094.5,99.96
55980,15:33:00,3,4094.5,99.96
56010,15:33:30,3,4094.5,99.96
56040,15:34:00,3,4094.5,99.96
56070,15:34:30,3,4094.5,99.96
56100,15:35:00,3,4094.5,99.96
56130,15:35:30,3,4094.5,99.96
56160,15:36:00,3,4094.5,99.96
56190,15:36:30,3,4094.5,99.96
56220,15:37:00,3,4094.5,99.96
56250,15:37:30,3,4094.5,99.96
56280,15:38:00,3,4094.5,99.96
56310,15:38:30,3,4094.5,99.96
56340,15:39:00,3,4094.5,99.96
56370,15:39:30,3,4094.5,99.96
56400,15:40:00,3,4094.5,99.96
56430,15:40:30,3,4094.5,99.96
56460,15:41:00,3,4094.5,99.96
56490,15:41:30,3,4094.5,99.96
56520,15:42:00,3,4094.5,99.96
56550,15:42:30,3,4094.5,99.96
56580,15:43:00,3,4094.5,99.96
56610,15:43:30,3,4094.5,99.96
56640,15:44:00,3,4094.5,99.96
56670,15:44:30,3,4094.5,99.96
56700,15:45:00,3,4094.5,99.96
56730,15:45:30,3,4094.5,99.96
56760,15:46:00,3,4094.5,99.96
56790,15:46:30,3,4094.5,99.96
56820,15:47:00,3,4094.5,99.96
56850,15:47:30,3,4094.5,99.96
56880,15:48:00,3,4094.5,99.96
56910,15:48:30,3,4094.5,99.96
56940,15:49:00,3,4094.5,99.96
56970,15:49:30,3,4094.5,99.96
57000,15:50:00,3,4094.5,99.96
57030,15:50:30,3,4094.5,99.96
57060,15:51:00,3,4094.5,99.96
57090,15:51:30,3,4094.5,99.96
57120,15:52:00,3,4094.5,99.96
57150,15:52:30,3,4094.5,99.96
57180,15:53:00,3,4094.5,99.96
57210,15:53:30,3,4094.5,99.96
57240,15:54:00,3,4094.5,99.96
57270,15:54:30,3,4094.5,99.96
57300,15:55:00,3,4094.5,99.96
57330,15:55:30,3,4094.5,99.96
57360,15:56:00,3,4094.5,99.96
57390,15:56:30,3,4094.5,99.96
57420,15:57:00,3,4094.5,99.96
57450,15:57:30,3,4094.5,99.96
57480,15:58:00,3,4094.5,99.96
57510,15:58:30,3,4094.5,99.96
57540,15:59:00,3,4094.5,99.96
57570,15:59:30,3,4094.5,99.96
57600,16:00:00,3,4094.5,99.96
57630,16:00:30,3,4094.5,99.96
57660,16:01:00,3,4094.5,99.96
57690,16:01:30,3,4094.5,99.96
57720,16:02:00,3,4094.5,99.96
57750,16:02:30,3,4094.5,99.96
57780,16:03:00,3,4094.5,99.96
57810,16:03:30,3,4094.5,99.96
57840,16:04:00,3,4094.5,99.96
57870,16:04:30,3,4094.5,99.96
57900,16:05:00,3,4094.5,99.96
57930,16:05:30,3,4094.5,99.96
57960,16:06:00,3,4094.5,99.96
57990,16:06:30,3,4094.5,99.96
58020,16:07:00,3,4094.5,99.96
58050,16:07:30,3,4094.5,99.96
58080,16:08:00,3,4094.5,99.96
58110,16:08:30,3,4094.5,99.96
58140,16:09:00,3,4094.5,99.96
58170,16:09:30,3,4094.5,99.96
58200,16:10:00,3,4094.5,99.96
58230,16:10:30,3,4094.5,99.96
58260,16:11:00,3,4094.5,99.96
58290,16:11:30,3,4094.5,99.96
58320,16:12:00,3,4094.5,99.96
58350,16:12:30,3,4094.5,99.96
58380,16:13:00,3,4094.5,99.96
58410,16:13:30,3,4094.5,99.96
58440,16:14:00,3,4094.5,99.96
58470,16:14:30,3,4094.5,99.96
58500,16:15:00,3,4094.5,99.96
58530,16:15:30,3,4094.5,99.96
58560,16:16:00,3,4094.5,99.96
58590,16:16:30,3,4094.5,99.96
58620,16:17:00,3,4094.5,99.96
58650,16:17:30,3,4094.5,99.96
58680,16:18:00,3,4094.5,99.96
58710,16:18:30,3,4094.5,99.96
58740,16:19:00,3,4094.5,99.96
58770,16:19:30,3,4094.5,99.96
58800,16:20:00,3,4094.5,99.96
58830,16:20:30,3,4094.5,99.96
58860,16:21:00,3,4094.5,99.96
58890,16:21:30,3,4094.5,99.96
58920,16:22:00,3,4094.5,99.96
58950,16:22:30,3,4094.5,99.96
58980,16:23:00,3,4094.5,99.96
59010,16:23:30,3,4094.5,99.96
59040,16:24:00,3,4094.5,99.96
59070,16:24:30,3,4094.5,99.96
59100,16:25:00,3,4094.5,99.96
59130,16:25:30,3,4094.5,99.96
59160,16:26:00,3,4094.5,99.96
59190,16:26:30,3,4094.5,99.96
59220,16:27:00,3,4094.5,99.96
59250,16:27:30,3,4094.5,99.96
59280,16:28:00,3,4094.5,99.96
59310,16:28:30,3,4094.5,99.96
59340,16:29:00,3,4094.5,99.96
59370,16:29:30,3,4094.5,99.96
59400,16:30:00,3,4094.5,99.96
59430,16:30:30,3,4094.5,99.96
59460,16:31:00,3,4094.5,99.96
59490,16:31:30,3,4094.5,99.96
59520,16:32:00,3,4094.5,99.96
59550,16:32:30,3,4094.5,99.96
59580,16:33:00,3,4094.5,99.96
59610,16:33:30,3,4094.5,99.96
59640,16:34:00,3,4094.5,99.96
59670,16:34:30,3,4094.5,99.96
59700,16:35:00,3,4094.5,99.96
59730,16:35:30,3,4094.5,99.96
59760,16:36:00,3,4094.5,99.96
59790,16:36:30,3,4094.5,99.96
59820,16:37:00,3,4094.5,99.96
59850,16:37:30,3,4094.5,99.96
59880,16:38:00,3,4094.5,99.96
59910,16:38:30,3,4094.5,99.96
59940,16:39:00,3,4094.5,99.96
59970,16:39:30,3,4094.5,99.96
60000,16:40:00,3,4094.5,99.96
60030,16:40:30,3,4094.5,99.96
60060,16:41:00,3,4094.5,99.96
60090,16:41:30,3,4094.5,99.96
60120,16:42:00,3,4094.5,99.96
60150,16:42:30,3,4094.5,99.96
60180,16:43:00,3,4094.5,99.96
60210,16:43:30,3,4094.5,99.96
60240,16:44:00,3,4094.5,99.96
60270,16:44:30,3,4094.5,99.96
60300,16:45:00,3,4094.5,99.96
60330,16:45:30,3,4094.5,99.96
60360,16:46:00,3,4094.5,99.96
60390,16:46:30,3,4094.5,99.96
60420,16:47:00,3,4094.5,99.96
60450,16:47:30,3,4094.5,99.96
60480,16:48:00,3,4094.5,99.96
60510,16:48:30,3,4094.5,99.96
60540,16:49:00,3,4094.5,99.96
60570,16:49:30,3,4094.5,99.96
60600,16:50:00,3,4094.5,99.96
60630,16:50:30,3,4094.5,99.96
60660,16:51:00,3,4094.5,99.96
60690,16:51:30,3,4094.5,99.96
60720,16:52:00,3,4094.5,99.96
60750,16:52:30,3,4094.5,99.96
60780,16:53:00,3,4094.5,99.96
60810,16:53:30,3,4094.5,99.96
60840,16:54:00,3,4094.5,99.96
60870,16:54:30,3,4094.5,99.96
60900,16:55:00,3,4094.5,99.96
60930,16:55:30,3,4094.5,99.96
60960,16:56:00,3,4094.5,99.96
60990,16:56:30,3,4094.5,99.96
61020,16:57:00,3,4094.5,99.96
61050,16:57:30,3,4094.5,99.96
61080,16:58:00,3,4094.5,99.96
61110,16:58:30,3,4094.5,99.96
61140,16:59:00,3,4094.5,99.96
61170,16:59:30,3,4094.5,99.96
61200,17:00:00,3,4094.5,99.96
61230,17:00:30,3,4094.5,99.96
61260,17:01:00,3,4094.5,99.96
61290,17:01:30,3,4094.5,99.96
61320,17:02:00,3,4094.5,99.96
61350,17:02:30,3,4094.5,99.96
61380,17:03:00,3,4094.5,99.96
61410,17:03:30,3,4094.5,99.96
61440,17:04:00,3,4094.5,99.96
61470,17:04:30,3,4094.5,99.96
61500,17:05:00,3,4094.5,99.96
61530,17:05:30,3,4094.5,99.96
61560,17:06:00,3,4094.5,99.96
61590,17:06:30,3,4094.5,99.96
61620,17:07:00,3,4094.5,99.96
61650,17:07:30,3,4094.5,99.96
61680,17:08:00,3,4094.5,99.96
61710,17:08:30,3,4094.5,99.96
61740,17:09:00,3,4094.5,99.96
61770,17:09:30,3,4094.5,99.96
61800,17:10:00,3,4094.5,99.96
61830,17:10:30,3,4094.5,99.96
61860,17:11:00,3,4094.5,99.96
61890,17:11:30,3,4094.5,99.96
61920,17:12:00,3,4094.5,99.96
61950,17:12:30,3,4094.5,99.96
61980,17:13:00,3,4094.5,99.96
62010,17:13:30,3,4094.5,99.96
62040,17:14:00,3,4094.5,99.96
62070,17:14:30,3,4094.5,99.96
62100,17:15:00,3,4094.5,99.96
62130,17:15:30,3,4094.5,99.96
62160,17:16:00,3,4094.5,99.96
62190,17:16:30,3,4094.5,99.96
62220,17:17:00,3,4094.5,99.96
62250,17:17:30,3,4094.5,99.96
62280,17:18:00,3,4094.5,99.96
62310,17:18:30,3,4094.5,99.96
62340,17:19:00,3,4094.5,99.96
62370,17:19:30,3,4094.5,99.96
62400,17:20:00,3,4094.5,99.96
62430,17:20:30,3,4094.5,99.96
62460,17:21:00,3,4094.5,99.96
62490,17:21:30,3,4094.5,99.96
62520,17:22:00,3,4094.5,99.96
62550,17:22:30,3,4094.5,99.96
62580,17:23:00,3,4094.5,99.96
62610,17:23:30,3,4094.5,99.96
62640,17:24:00,3,4094.5,99.96
62670,17:24:30,3,4094.5,99.96
62700,17:25:00,3,4094.5,99.96
62730,17:25:30,3,4094.5,99.96
62760,17:26:00,3,4094.5,99.96
62790,17:26:30,3,4094.5,99.96
62820,17:27:00,3,4094.5,99.96
62850,17:27:30,3,4094.5,99.96
62880,17:28:00,3,4094.5,99.96
62910,17:28:30,3,4094.5,99.96
62940,17:29:00,3,4094.5,99.96
62970,17:29:30,3,4094.5,99.96
63000,17:30:00,3,4094.5,99.96
63030,17:30:30,3,4094.5,99.96
63060,17:31:00,3,4094.5,99.96
63090,17:31:30,3,4094.5,99.96
63120,17:32:00,3,4094.5,99.96
63150,17:32:30,3,4094.5,99.96
63180,17:33:00,3,4094.5,99.96
63210,17:33:30,3,4094.5,99.96
63240,17:34:00,3,4094.5,99.96
63270,17:34:30,3,4094.5,99.96
63300,17:35:00,3,4094.5,99.96
63330,17:35:30,3,4094.5,99.96
63360,17:36:00,3,4094.5,99.96
63390,17:36:30,3,4094.5,99.96
63420,17:37:00,3,4094.5,99.96
63450,17:37:30,3,4094.5,99.96
63480,17:38:00,3,4094.5,99.96
63510,17:38:30,3,4094.5,99.96
63540,17:39:00,3,4094.5,99.96
63570,17:39:30,3,4094.5,99.96
63600,17:40:00,3,4094.5,99.96
63630,17:40:30,3,4094.5,99.96
63660,17:41:00,3,4094.5,99.96
63690,17:41:30,3,4094.5,99.96
63720,17:42:00,3,4094.5,99.96
63750,17:42:30,3,4094.5,99.96
63780,17:43:00,3,4094.5,99.96
63810,17:43:30,3,4094.5,99.96
63840,17:44:00,3,4094.5,99.96
63870,17:44:30,3,4094.5,99.96
63900,17:45:00,3,4094.5,99.96
63930,17:45:30,3,4094.5,99.96
63960,17:46:00,3,4094.5,99.96
63990,17:46:30,3,4094.5,99.96
64020,17:47:00,3,4094.5,99.96
64050,17:47:30,3,4094.5,99.96
64080,17:48:00,3,4094.5,99.96
64110,17:48:30,3,4094.5,99.96
64140,17:49:00,3,4094.5,99.96
64170,17:49:30,3,4094.5,99.96
64200,17:50:00,3,4094.5,99.96
64230,17:50:30,3,4094.5,99.96
64260,17:51:00,3,4094.5,99.96
64290,17:51:30,3,4094.5,99.96
64320,17:52:00,3,4094.5,99.96
64350,17:52:30,3,4094.5,99.96
64380,17:53:00,3,4094.5,99.96
64410,17:53:30,3,4094.5,99.96
64440,17:54:00,3,4094.5,99.96
64470,17:54:30,3,4094.5,99.96
64500,17:55:00,3,4094.5,99.96
64530,17:55:30,3,4094.5,99.96
64560,17:56:00,3,4094.5,99.96
64590,17:56:30,3,4094.5,99.96
64620,17:57:00,3,4094.5,99.96
64650,17:57:30,3,4094.5,99.96
64680,17:58:00,3,4094.5,99.96
64710,17:58:30,3,4094.5,99.96
64740,17:59:00,3,4094.5,99.96
64770,17:59:30,3,4094.5,99.96
64800,18:00:00,3,4094.5,99.96
64830,18:00:30,3,4094.5,99.96
64860,18:01:00,3,4094.5,99.96
64890,18:01:30,3,4094.5,99.96
64920,18:02:00,3,4094.5,99.96
64950,18:02:30,3,4094.5,99.96
64980,18:03:00,3,4094.5,99.96
65010,18:03:30,3,4094.5,99.96
65040,18:04:00,3,4094.5,99.96
65070,18:04:30,3,4094.5,99.96
65100,18:05:00,3,4094.5,99.96
65130,18:05:30,3,4094.5,99.96
65160,18:06:00,3,4094.5,99.96
65190,18:06:30,3,4094.5,99.96
65220,18:07:00,3,4094.5,99.96
65250,18:07:30,3,4094.5,99.96
65280,18:08:00,3,4094.5,99.96
65310,18:08:30,3,4094.5,99.96
65340,18:09:00,3,4094.5,99.96
65370,18:09:30,3,4094.5,99.96
65400,18:10:00,3,4094.5,99.96
65430,18:10:30,3,4094.5,99.96
65460,18:11:00,3,4094.5,99.96
65490,18:11:30,3,4094.5,99.96
65520,18:12:00,3,4094.5,99.96
65550,18:12:30,3,4094.5,99.96
65580,18:13:00,3,4094.5,99.96
65610,18:13:30,3,4094.5,99.96
65640,18:14:00,3,4094.5,99.96
65670,18:14:30,3,4094.5,99.96
65700,18:15:00,3,4094.5,99.96
65730,18:15:30,3,4094.5,99.96
65760,18:16:00,3,4094.5,99.96
65790,18:16:30,3,4094.5,99.96
65820,18:17:00,3,4094.5,99.96
65850,18:17:30,3,4094.5,99.96
65880,18:18:00,3,4094.5,99.96
65910,18:18:30,3,4094.5,99.96
65940,18:19:00,3,4094.5,99.96
65970,18:19:30,3,4094.5,99.96
66000,18:20:00,3,4094.5,99.96
66030,18:20:30,3,4094.5,99.96
66060,18:21:00,3,4094.5,99.96
66090,18:21:30,3,4094.5,99.96
66120,18:22:00,3,4094.5,99.96
66150,18:22:30,3,4094.5,99.96
66180,18:23:00,3,4094.5,99.96
66210,18:23:30,3,4094.5,99.96
66240,18:24:00,3,4094.5,99.96
66270,18:24:30,3,4094.5,99.96
66300,18:25:00,3,4094.5,99.96
66330,18:25:30,3,4094.5,99.96
66360,18:26:00,3,4094.5,99.96
66390,18:26:30,3,4094.5,99.96
66420,18:27:00,3,4094.5,99.96
66450,18:27:30,3,4094.5,99.96
66480,18:28:00,3,4094.5,99.96
66510,18:28:30,3,4094.5,99.96
66540,18:29:00,3,4094.5,99.96
66570,18:29:30,3,4094.5,99.96
66600,18:30:00,3,4094.5,99.96
66630,18:30:30,3,4094.5,99.96
66660,18:31:00,3,4094.5,99.96
66690,18:31:30,3,4094.5,99.96
66720,18:32:00,3,4094.5,99.96
66750,18:32:30,3,4094.5,99.96
66780,18:33:00,3,4094.5,99.96
66810,18:33:30,3,4094.5,99.96
66840,18:34:00,3,4094.5,99.96
66870,18:34:30,3,4094.5,99.96
66900,18:35:00,3,4094.5,99.96
66930,18:35:30,3,4094.5,99.96
66960,18:36:00,3,4094.5,99.96
66990,18:36:30,3,4094.5,99.96
67020,18:37:00,3,4094.5,99.96
67050,18:37:30,3,4094.5,99.96
67080,18:38:00,3,4094.5,99.96
67110,18:38:30,3,4094.5,99.96
67140,18:39:00,3,4094.5,99.96
67170,18:39:30,3,4094.5,99.96
67200,18:40:00,3,4094.5,99.96
67230,18:40:30,3,4094.5,99.96
67260,18:41:00,3,4094.5,99.96
67290,18:41:30,3,4094.5,99.96
67320,18:42:00,3,4094.5,99.96
67350,18:42:30,3,4094.5,99.96
67380,18:43:00,3,4094.5,99.96
67410,18:43:30,3,4094.5,99.96
67440,18:44:00,3,4094.5,99.96
67470,18:44:30,3,4094.5,99.96
67500,18:45:00,3,4094.5,99.96
67530,18:45:30,3,4094.5,99.96
67560,18:46:00,3,4094.5,99.96
67590,18:46:30,3,4094.5,99.96
67620,18:47:00,3,4094.5,99.96
67650,18:47:30,3,4094.5,99.96
67680,18:48:00,3,4094.5,99.96
67710,18:48:30,3,4094.5,99.96
67740,18:49:00,3,4094.5,99.96
67770,18:49:30,3,4094.5,99.96
67800,18:50:00,3,4094.5,99.96
67830,18:50:30,3,4094.5,99.96
67860,18:51:00,3,4094.5,99.96
67890,18:51:30,3,4094.5,99.96
67920,18:52:00,3,4094.5,99.96
67950,18:52:30,3,4094.5,99.96
67980,18:53:00,3,4094.5,99.96
68010,18:53:30,3,4094.5,99.96
68040,18:54:00,3,4094.5,99.96
68070,18:54:30,3,4094.5,99.96
68100,18:55:00,3,4094.5,99.96
68130,18:55:30,3,4094.5,99.96
68160,18:56:00,3,4094.5,99.96
68190,18:56:30,3,4094.5,99.96
68220,18:57:00,3,4094.5,99.96
68250,18:57:30,3,4094.5,99.96
68280,18:58:00,3,4094.5,99.96
68310,18:58:30,3,4094.5,99.96
68340,18:59:00,3,4094.5,99.96
68370,18:59:30,3,4094.5,99.96
68400,19:00:00,3,4094.5,99.96
68430,19:00:30,3,4094.5,99.96
68460,19:01:00,3,4094.5,99.96
68490,19:01:30,3,4094.5,99.96
68520,19:02:00,3,4094.5,99.96
68550,19:02:30,3,4094.5,99.96
68580,19:03:00,3,4094.5,99.96
68610,19:03:30,3,4094.5,99.96
68640,19:04:00,3,4094.5,99.96
68670,19:04:30,3,4094.5,99.96
68700,19:05:00,3,4094.5,99.96
68730,19:05:30,3,4094.5,99.96
68760,19:06:00,3,4094.5,99.96
68790,19:06:30,3,4094.5,99.96
68820,19:07:00,3,4094.5,99.96
68850,19:07:30,3,4094.5,99.96
68880,19:08:00,3,4094.5,99.96
68910,19:08:30,3,4094.5,99.96
68940,19:09:00,3,4094.5,99.96
68970,19:09:30,3,4094.5,99.96
69000,19:10:00,3,4094.5,99.96
69030,19:10:30,3,4094.5,99.96
69060,19:11:00,3,4094.5,99.96
69090,19:11:30,3,4094.5,99.96
69120,19:12:00,3,4094.5,99.96
69150,19:12:30,3,4094.5,99.96
69180,19:13:00,3,4094.5,99.96
69210,19:13:30,3,4094.5,99.96
69240,19:14:00,3,4094.5,99.96
69270,19:14:30,3,4094.5,99.96
69300,19:15:00,3,4094.5,99.96
69330,19:15:30,3,4094.5,99.96
69360,19:16:00,3,4094.5,99.96
69390,19:16:30,3,4094.5,99.96
69420,19:17:00,3,4094.5,99.96
69450,19:17:30,3,4094.5,99.96
69480,19:18:00,3,4094.5,99.96
69510,19:18:30,3,4094.5,99.96
69540,19:19:00,3,4094.5,99.96
69570,19:19:30,3,4094.5,99.96
69600,19:20:00,3,4094.5,99.96
69630,19:20:30,3,4094.5,99.96
69660,19:21:00,3,4094.5,99.96
69690,19:21:30,3,4094.5,99.96
69720,19:22:00,3,4094.5,99.96
69750,19:22:30,3,4094.5,99.96
69780,19:23:00,3,4094.5,99.96
69810,19:23:30,3,4094.5,99.96
69840,19:24:00,3,4094.5,99.96
69870,19:24:30,3,4094.5,99.96
69900,19:25:00,3,4094.5,99.96
69930,19:25:30,3,4094.5,99.96
69960,19:26:00,3,4094.5,99.96
69990,19:26:30,3,4094.5,99.96
70020,19:27:00,3,4094.5,99.96
70050,19:27:30,3,4094.5,99.96
70080,19:28:00,3,4094.5,99.96
70110,19:28:30,3,4094.5,99.96
70140,19:29:00,3,4094.5,99.96
70170,19:29:30,3,4094.5,99.96
70200,19:30:00,3,4094.5,99.96
70230,19:30:30,3,4094.5,99.96
70260,19:31:00,3,4094.5,99.96
70290,19:31:30,3,4094.5,99.96
70320,19:32:00,3,4094.5,99.96
70350,19:32:30,3,4094.5,99.96
70380,19:33:00,3,4094.5,99.96
70410,19:33:30,3,4094.5,99.96
70440,19:34:00,3,4094.5,99.96
70470,19:34:30,3,4094.5,99.96
70500,19:35:00,3,4094.5,99.96
70530,19:35:30,3,4094.5,99.96
70560,19:36:00,3,4094.5,99.96
70590,19:36:30,3,4094.5,99.96
70620,19:37:00,3,4094.5,99.96
70650,19:37:30,3,4094.5,99.96
70680,19:38:00,3,4094.5,99.96
70710,19:38:30,3,4094.5,99.96
70740,19:39:00,3,4094.5,99.96
70770,19:39:30,3,4094.5,99.96
70800,19:40:00,3,4094.5,99.96
70830,19:40:30,3,4094.5,99.96
70860,19:41:00,3,4094.5,99.96
70890,19:41:30,3,4094.5,99.96
70920,19:42:00,3,4094.5,99.96
70950,19:42:30,3,4094.5,99.96
70980,19:43:00,3,4094.5,99.96
71010,19:43:30,3,4094.5,99.96
71040,19:44:00,3,4094.5,99.96
71070,19:44:30,3,4094.5,99.96
71100,19:45:00,3,4094.5,99.96
71130,19:45:30,3,4094.5,99.96
71160,19:46:00,3,4094.5,99.96
71190,19:46:30,3,4094.5,99.96
71220,19:47:00,3,4094.5,99.96
71250,19:47:30,3,4094.5,99.96
71280,19:48:00,3,4094.5,99.96
71310,19:48:30,3,4094.5,99.96
71340,19:49:00,3,4094.5,99.96
71370,19:49:30,3,4094.5,99.96
71400,19:50:00,3,4094.5,99.96
71430,19:50:30,3,4094.5,99.96
71460,19:51:00,3,4094.5,99.96
71490,19:51:30,3,4094.5,99.96
71520,19:52:00,3,4094.5,99.96
71550,19:52:30,3,4094.5,99.96
71580,19:53:00,3,4094.5,99.96
71610,19:53:30,3,4094.5,99.96
71640,19:54:00,3,4094.5,99.96
71670,19:54:30,3,4094.5,99.96
71700,19:55:00,3,4094.5,99.96
71730,19:55:30,3,4094.5,99.96
71760,19:56:00,3,4094.5,99.96
71790,19:56:30,3,4094.5,99.96
71820,19:57:00,3,4094.5,99.96
71850,19:57:30,3,4094.5,99.96
71880,19:58:00,3,4094.5,99.96
71910,19:58:30,3,4094.5,99.96
71940,19:59:00,3,4094.5,99.96
71970,19:59:30,3,4094.5,99.96
72000,20:00:00,3,4094.5,99.96
72030,20:00:30,3,4094.5,99.96
72060,20:01:00,3,4094.5,99.96
72090,20:01:30,3,4094.5,99.96
72120,20:02:00,3,4094.5,99.96
72150,20:02:30,3,4094.5,99.96
72180,20:03:00,3,4094.5,99.96
72210,20:03:30,3,4094.5,99.96
72240,20:04:00,3,4094.5,99.96
72270,20:04:30,3,4094.5,99.96
72300,20:05:00,3,4094.5,99.96
72330,20:05:30,3,4094.5,99.96
72360,20:06:00,3,4094.5,99.96
72390,20:06:30,3,4094.5,99.96
72420,20:07:00,3,4094.5,99.96
72450,20:07:30,3,4094.5,99.96
72480,20:08:00,3,4094.5,99.96
72510,20:08:30,3,4094.5,99.96
72540,20:09:00,3,4094.5,99.96
72570,20:09:30,3,4094.5,99.96
72600,20:10:00,3,4094.5,99.96
72630,20:10:30,3,4094.5,99.96
72660,20:11:00,3,4094.5,99.96
72690,20:11:30,3,4094.5,99.96
72720,20:12:00,3,4094.5,99.96
72750,20:12:30,3,4094.5,99.96
72780,20:13:00,3,4094.5,99.96
72810,20:13:30,3,4094.5,99.96
72840,20:14:00,3,4094.5,99.96
72870,20:14:30,3,4094.5,99.96
72900,20:15:00,3,4094.5,99.96
72930,20:15:30,3,4094.5,99.96
72960,20:16:00,3,4094.5,99.96
72990,20:16:30,3,4094.5,99.96
73020,20:17:00,3,4094.5,99.96
73050,20:17:30,3,4094.5,99.96
73080,20:18:00,3,4094.5,99.96
73110,20:18:30,3,4094.5,99.96
73140,20:19:00,3,4094.5,99.96
73170,20:19:30,3,4094.5,99.96
73200,20:20:00,3,4094.5,99.96
73230,20:20:30,3,4094.5,99.96
73260,20:21:00,3,4094.5,99.96
73290,20:21:30,3,4094.5,99.96
73320,20:22:00,3,4094.5,99.96
73350,20:22:30,3,4094.5,99.96
73380,20:23:00,3,4094.5,99.96
73410,20:23:30,3,4094.5,99.96
73440,20:24:00,3,4094.5,99.96
73470,20:24:30,3,4094.5,99.96
73500,20:25:00,3,4094.5,99.96
73530,20:25:30,3,4094.5,99.96
73560,20:26:00,3,4094.5,99.96
73590,20:26:30,3,4094.5,99.96
73620,20:27:00,3,4094.5,99.96
73650,20:27:30,3,4094.5,99.96
73680,20:28:00,3,4094.5,99.96
73710,20:28:30,3,4094.5,99.96
73740,20:29:00,3,4094.5,99.96
73770,20:29:30,3,4094.5,99.96
73800,20:30:00,3,4094.5,99.96
73830,20:30:30,3,4094.5,99.96
73860,20:31:00,3,4094.5,99.96
73890,20:31:30,3,4094.5,99.96
73920,20:32:00,3,4094.5,99.96
73950,20:32:30,3,4094.5,99.96
73980,20:33:00,3,4094.5,99.96
74010,20:33:30,3,4094.5,99.96
74040,20:34:00,3,4094.5,99.96
74070,20:34:30,3,4094.5,99.96
74100,20:35:00,3,4094.5,99.96
74130,20:35:30,3,4094.5,99.96
74160,20:36:00,3,4094.5,99.96
74190,20:36:30,3,4094.5,99.96
74220,20:37:00,3,4094.5,99.96
74250,20:37:30,3,4094.5,99.96
74280,20:38:00,3,4094.5,99.96
74310,20:38:30,3,4094.5,99.96
74340,20:39:00,3,4094.5,99.96
74370,20:39:30,3,4094.5,99.96
74400,20:40:00,3,4094.5,99.96
74430,20:40:30,3,4094.5,99.96
74460,20:41:00,3,4094.5,99.96
74490,20:41:30,3,4094.5,99.96
74520,20:42:00,3,4094.5,99.96
74550,20:42:30,3,4094.5,99.96
74580,20:43:00,3,4094.5,99.96
74610,20:43:30,3,4094.5,99.96
74640,20:44:00,3,4094.5,99.96
74670,20:44:30,3,4094.5,99.96
74700,20:45:00,3,4094.5,99.96
74730,20:45:30,3,4094.5,99.96
74760,20:46:00,3,4094.5,99.96
74790,20:46:30,3,4094.5,99.96
74820,20:47:00,3,4094.5,99.96
74850,20:47:30,3,4094.5,99.96
74880,20:48:00,3,4094.5,99.96
74910,20:48:30,3,4094.5,99.96
74940,20:49:00,3,4094.5,99.96
74970,20:49:30,3,4094.5,99.96
75000,20:50:00,3,4094.5,99.96
75030,20:50:30,3,4094.5,99.96
75060,20:51:00,3,4094.5,99.96
75090,20:51:30,3,4094.5,99.96
75120,20:52:00,3,4094.5,99.96
75150,20:52:30,3,4094.5,99.96
75180,20:53:00,3,4094.5,99.96
75210,20:53:30,3,4094.5,99.96
75240,20:54:00,3,4094.5,99.96
75270,20:54:30,3,4094.5,99.96
75300,20:55:00,3,4094.5,99.96
75330,20:55:30,3,4094.5,99.96
75360,20:56:00,3,4094.5,99.96
75390,20:56:30,3,4094.5,99.96
75420,20:57:00,3,4094.5,99.96
75450,20:57:30,3,4094.5,99.96
75480,20:58:00,3,4094.5,99.96
75510,20:58:30,3,4094.5,99.96
75540,20:59:00,3,4094.5,99.96
75570,20:59:30,3,4094.5,99.96
75600,21:00:00,3,4094.5,99.96
75630,21:00:30,3,4094.5,99.96
75660,21:01:00,3,4094.5,99.96
75690,21:01:30,3,4094.5,99.96
75720,21:02:00,3,4094.5,99.96
75750,21:02:30,3,4094.5,99.96
75780,21:03:00,3,4094.5,99.96
75810,21:03:30,3,4094.5,99.96
75840,21:04:00,3,4094.5,99.96
75870,21:04:30,3,4094.5,99.96
75900,21:05:00,3,4094.5,99.96
75930,21:05:30,3,4094.5,99.96
75960,21:06:00,3,4094.5,99.96
75990,21:06:30,3,4094.5,99.96
76020,21:07:00,3,4094.5,99.96
76050,21:07:30,3,4094.5,99.96
76080,21:08:00,3,4094.5,99.96
76110,21:08:30,3,4094.5,99.96
76140,21:09:00,3,4094.5,99.96
76170,21:09:30,3,4094.5,99.96
76200,21:10:00,3,4094.5,99.96
76230,21:10:30,3,4094.5,99.96
76260,21:11:00,3,4094.5,99.96
76290,21:11:30,3,4094.5,99.96
76320,21:12:00,3,4094.5,99.96
76350,21:12:30,3,4094.5,99.96
76380,21:13:00,3,4094.5,99.96
76410,21:13:30,3,4094.5,99.96
76440,21:14:00,3,4094.5,99.96
76470,21:14:30,3,4094.5,99.96
76500,21:15:00,3,4094.5,99.96
76530,21:15:30,3,4094.5,99.96
76560,21:16:00,3,4094.5,99.96
76590,21:16:30,3,4094.5,99.96
76620,21:17:00,3,4094.5,99.96
76650,21:17:30,3,4094.5,99.96
76680,21:18:00,3,4094.5,99.96
76710,21:18:30,3,4094.5,99.96
76740,21:19:00,3,4094.5,99.96
76770,21:19:30,3,4094.5,99.96
76800,21:20:00,3,4094.5,99.96
76830,21:20:30,3,4094.5,99.96
76860,21:21:00,3,4094.5,99.96
76890,21:21:30,3,4094.5,99.96
76920,21:22:00,3,4094.5,99.96
76950,21:22:30,3,4094.5,99.96
76980,21:23:00,3,4094.5,99.96
77010,21:23:30,3,4094.5,99.96
77040,21:24:00,3,4094.5,99.96
77070,21:24:30,3,4094.5,99.96
77100,21:25:00,3,4094.5,99.96
77130,21:25:30,3,4094.5,99.96
77160,21:26:00,3,4094.5,99.96
77190,21:26:30,3,4094.5,99.96
77220,21:27:00,3,4094.5,99.96
77250,21:27:30,3,4094.5,99.96
77280,21:28:00,3,4094.5,99.96
77310,21:28:30,3,4094.5,99.96
77340,21:29:00,3,4094.5,99.96
77370,21:29:30,3,4094.5,99.96
77400,21:30:00,3,4094.5,99.96
77430,21:30:30,3,4094.5,99.96
77460,21:31:00,3,4094.5,99.96
77490,21:31:30,3,4094.5,99.96
77520,21:32:00,3,4094.5,99.96
77550,21:32:30,3,4094.5,99.96
77580,21:33:00,3,4094.5,99.96
77610,21:33:30,3,4094.5,99.96
77640,21:34:00,3,4094.5,99.96
77670,21:34:30,3,4094.5,99.96
77700,21:35:00,3,4094.5,99.96
77730,21:35:30,3,4094.5,99.96
77760,21:36:00,3,4094.5,99.96
77790,21:36:30,3,4094.5,99.96
77820,21:37:00,3,4094.5,99.96
77850,21:37:30,3,4094.5,99.96
77880,21:38:00,3,4094.5,99.96
77910,21:38:30,3,4094.5,99.96
77940,21:39:00,3,4094.5,99.96
77970,21:39:30,3,4094.5,99.96
78000,21:40:00,3,4094.5,99.96
78030,21:40:30,3,4094.5,99.96
78060,21:41:00,3,4094.5,99.96
78090,21:41:30,3,4094.5,99.96
78120,21:42:00,3,4094.5,99.96
78150,21:42:30,3,4094.5,99.96
78180,21:43:00,3,4094.5,99.96
78210,21:43:30,3,4094.5,99.96
78240,21:44:00,3,4094.5,99.96
78270,21:44:30,3,4094.5,99.96
78300,21:45:00,3,4094.5,99.96
78330,21:45:30,3,4094.5,99.96
78360,21:46:00,3,4094.5,99.96
78390,21:46:30,3,4094.5,99.96
78420,21:47:00,3,4094.5,99.96
78450,21:47:30,3,4094.5,99.96
78480,21:48:00,3,4094.5,99.96
78510,21:48:30,3,4094.5,99.96
78540,21:49:00,3,4094.5,99.96
78570,21:49:30,3,4094.5,99.96
78600,21:50:00,3,4094.5,99.96
78630,21:50:30,3,4094.5,99.96
78660,21:51:00,3,4094.5,99.96
78690,21:51:30,3,4094.5,99.96
78720,21:52:00,3,4094.5,99.96
78750,21:52:30,3,4094.5,99.96
78780,21:53:00,3,4094.5,99.96
78810,21:53:30,3,4094.5,99.96
78840,21:54:00,3,4094.5,99.96
78870,21:54:30,3,4094.5,99.96
78900,21:55:00,3,4094.5,99.96
78930,21:55:30,3,4094.5,99.96
78960,21:56:00,3,4094.5,99.96
78990,21:56:30,3,4094.5,99.96
79020,21:57:00,3,4094.5,99.96
79050,21:57:30,3,4094.5,99.96
79080,21:58:00,3,4094.5,99.96
79110,21:58:30,3,4094.5,99.96
79140,21:59:00,3,4094.5,99.96
79170,21:59:30,3,4094.5,99.96
79200,22:00:00,3,4094.5,99.96
79230,22:00:30,3,4094.5,99.96
79260,22:01:00,3,4094.5,99.96
79290,22:01:30,3,4094.5,99.96
79320,22:02:00,3,4094.5,99.96
79350,22:02:30,3,4094.5,99.96
79380,22:03:00,3,4094.5,99.96
79410,22:03:30,3,4094.5,99.96
79440,22:04:00,3,4094.5,99.96
79470,22:04:30,3,4094.5,99.96
79500,22:05:00,3,4094.5,99.96
79530,22:05:30,3,4094.5,99.96
79560,22:06:00,3,4094.5,99.96
79590,22:06:30,3,4094.5,99.96
79620,22:07:00,3,4094.5,99.96
79650,22:07:30,3,4094.5,99.96
79680,22:08:00,3,4094.5,99.96
79710,22:08:30,3,4094.5,99.96
79740,22:09:00,3,4094.5,99.96
79770,22:09:30,3,4094.5,99.96
79800,22:10:00,3,4094.5,99.96
79830,22:10:30,3,4094.5,99.96
79860,22:11:00,3,4094.5,99.96
79890,22:11:30,3,4094.5,99.96
79920,22:12:00,3,4094.5,99.96
79950,22:12:30,3,4094.5,99.96
79980,22:13:00,3,4094.5,99.96
80010,22:13:30,3,4094.5,99.96
80040,22:14:00,3,4094.5,99.96
80070,22:14:30,3,4094.5,99.96
80100,22:15:00,3,4094.5,99.96
80130,22:15:30,3,4094.5,99.96
80160,22:16:00,3,4094.5,99.96
80190,22:16:30,3,4094.5,99.96
80220,22:17:00,3,4094.5,99.96
80250,22:17:30,3,4094.5,99.96
80280,22:18:00,3,4094.5,99.96
80310,22:18:30,3,4094.5,99.96
80340,22:19:00,3,4094.5,99.96
80370,22:19:30,3,4094.5,99.96
80400,22:20:00,3,4094.5,99.96
80430,22:20:30,3,4094.5,99.96
80460,22:21:00,3,4094.5,99.96
80490,22:21:30,3,4094.5,99.96
80520,22:22:00,3,4094.5,99.96
80550,22:22:30,3,4094.5,99.96
80580,22:23:00,3,4094.5,99.96
80610,22:23:30,3,4094.5,99.96
80640,22:24:00,3,4094.5,99.96
80670,22:24:30,3,4094.5,99.96
80700,22:25:00,3,4094.5,99.96
80730,22:25:30,3,4094.5,99.96
80760,22:26:00,3,4094.5,99.96
80790,22:26:30,3,4094.5,99.96
80820,22:27:00,3,4094.5,99.96
80850,22:27:30,3,4094.5,99.96
80880,22:28:00,3,4094.5,99.96
80910,22:28:30,3,4094.5,99.96
80940,22:29:00,3,4094.5,99.96
80970,22:29:30,3,4094.5,99.96
81000,22:30:00,3,4094.5,99.96
81030,22:30:30,3,4094.5,99.96
81060,22:31:00,3,4094.5,99.96
81090,22:31:30,3,4094.5,99.96
81120,22:32:00,3,4094.5,99.96
81150,22:32:30,3,4094.5,99.96
81180,22:33:00,3,4094.5,99.96
81210,22:33:30,3,4094.5,99.96
81240,22:34:00,3,4094.5,99.96
81270,22:34:30,3,4094.5,99.96
81300,22:35:00,3,4094.5,99.96
81330,22:35:30,3,4094.5,99.96
81360,22:36:00,3,4094.5,99.96
81390,22:36:30,3,4094.5,99.96
81420,22:37:00,3,4094.5,99.96
81450,22:37:30,3,4094.5,99.96
81480,22:38:00,3,4094.5,99.96
81510,22:38:30,3,4094.5,99.96
81540,22:39:00,3,4094.5,99.96
81570,22:39:30,3,4094.5,99.96
81600,22:40:00,3,4094.5,99.96
81630,22:40:30,3,4094.5,99.96
81660,22:41:00,3,4094.5,99.96
81690,22:41:30,3,4094.5,99.96
81720,22:42:00,3,4094.5,99.96
81750,22:42:30,3,4094.5,99.96
81780,22:43:00,3,4094.5,99.96
81810,22:43:30,3,4094.5,99.96
81840,22:44:00,3,4094.5,99.96
81870,22:44:30,3,4094.5,99.96
81900,22:45:00,3,4094.5,99.96
81930,22:45:30,3,4094.5,99.96
81960,22:46:00,3,4094.5,99.96
81990,22:46:30,3,4094.5,99.96
82020,22:47:00,3,4094.5,99.96
82050,22:47:30,3,4094.5,99.96
82080,22:48:00,3,4094.5,99.96
82110,22:48:30,3,4094.5,99.96
82140,22:49:00,3,4094.5,99.96
82170,22:49:30,3,4094.5,99.96
82200,22:50:00,3,4094.5,99.96
82230,22:50:30,3,4094.5,99.96
82260,22:51:00,3,4094.5,99.96
82290,22:51:30,3,4094.5,99.96
82320,22:52:00,3,4094.5,99.96
82350,22:52:30,3,4094.5,99.96
82380,22:53:00,3,4094.5,99.96
82410,22:53:30,3,4094.5,99.96
82440,22:54:00,3,4094.5,99.96
82470,22:54:30,3,4094.5,99.96
82500,22:55:00,3,4094.5,99.96
82530,22:55:30,3,4094.5,99.96
82560,22:56:00,3,4094.5,99.96
82590,22:56:30,3,4094.5,99.96
82620,22:57:00,3,4094.5,99.96
82650,22:57:30,3,4094.5,99.96
82680,22:58:00,3,4094.5,99.96
82710,22:58:30,3,4094.5,99.96
82740,22:59:00,3,4094.5,99.96
82770,22:59:30,3,4094.5,99.96
82800,23:00:00,3,4094.5,99.96
82830,23:00:30,3,4094.5,99.96
82860,23:01:00,3,4094.5,99.96
82890,23:01:30,3,4094.5,99.96
82920,23:02:00,3,4094.5,99.96
82950,23:02:30,3,4094.5,99.96
82980,23:03:00,3,4094.5,99.96
83010,23:03:30,3,4094.5,99.96
83040,23:04:00,3,4094.5,99.96
83070,23:04:30,3,4094.5,99.96
83100,23:05:00,3,4094.5,99.96
83130,23:05:30,3,4094.5,99.96
83160,23:06:00,3,4094.5,99.96
83190,23:06:30,3,4094.5,99.96
83220,23:07:00,3,4094.5,99.96
83250,23:07:30,3,4094.5,99.96
83280,23:08:00,3,4094.5,99.96
83310,23:08:30,3,4094.5,99.96
83340,23:09:00,3,4094.5,99.96
83370,23:09:30,3,4094.5,99.96
83400,23:10:00,3,4094.5,99.96
83430,23:10:30,3,4094.5,99.96
83460,23:11:00,3,4094.5,99.96
83490,23:11:30,3,4094.5,99.96
83520,23:12:00,3,4094.5,99.96
83550,23:12:30,3,4094.5,99.96
83580,23:13:00,3,4094.5,99.96
83610,23:13:30,3,4094.5,99.96
83640,23:14:00,3,4094.5,99.96
83670,23:14:30,3,4094.5,99.96
83700,23:15:00,3,4094.5,99.96
83730,23:15:30,3,4094.5,99.96
83760,23:16:00,3,4094.5,99.96
83790,23:16:30,3,4094.5,99.96
83820,23:17:00,3,4094.5,99.96
83850,23:17:30,3,4094.5,99.96
83880,23:18:00,3,4094.5,99.96
83910,23:18:30,3,4094.5,99.96
83940,23:19:00,3,4094.5,99.96
83970,23:19:30,3,4094.5,99.96
84000,23:20:00,3,4094.5,99.96
84030,23:20:30,3,4094.5,99.96
84060,23:21:00,3,4094.5,99.96
84090,23:21:30,3,4094.5,99.96
84120,23:22:00,3,4094.5,99.96
84150,23:22:30,3,4094.5,99.96
84180,23:23:00,3,4094.5,99.96
84210,23:23:30,3,4094.5,99.96
84240,23:24:00,3,4094.5,99.96
84270,23:24:30,3,4094.5,99.96
84300,23:25:00,3,4094.5,99.96
84330,23:25:30,3,4094.5,99.96
84360,23:26:00,3,4094.5,99.96
84390,23:26:30,3,4094.5,99.96
84420,23:27:00,3,4094.5,99.96
84450,23:27:30,3,4094.5,99.96
84480,23:28:00,3,4094.5,99.96
84510,23:28:30,3,4094.5,99.96
84540,23:29:00,3,4094.5,99.96
84570,23:29:30,3,4094.5,99.96
84600,23:30:00,3,4094.5,99.96
84630,23:30:30,3,4094.5,99.96
84660,23:31:00,3,4094.5,99.96
84690,23:31:30,3,4094.5,99.96
84720,23:32:00,3,4094.5,99.96
84750,23:32:30,3,4094.5,99.96
84780,23:33:00,3,4094.5,99.96
84810,23:33:30,3,4094.5,99.96
84840,23:34:00,3,4094.5,99.96
84870,23:34:30,3,4094.5,99.96
84900,23:35:00,3,4094.5,99.96
84930,23:35:30,3,4094.5,99.96
84960,23:36:00,3,4094.5,99.96
84990,23:36:30,3,4094.5,99.96
85020,23:37:00,3,4094.5,99.96
85050,23:37:30,3,4094.5,99.96
85080,23:38:00,3,4094.5,99.96
85110,23:38:30,3,4094.5,99.96
85140,23:39:00,3,4094.5,99.96
85170,23:39:30,3,4094.5,99.96
85200,23:40:00,3,4094.5,99.96
85230,23:40:30,3,4094.5,99.96
85260,23:41:00,3,4094.5,99.96
85290,23:41:30,3,4094.5,99.96
85320,23:42:00,3,4094.5,99.96
85350,23:42:30,3,4094.5,99.96
85380,23:43:00,3,4094.5,99.96
85410,23:43:30,3,4094.5,99.96
85440,23:44:00,3,4094.5,99.96
85470,23:44:30,3,4094.5,99.96
85500,23:45:00,3,4094.5,99.96
85530,23:45:30,3,4094.5,99.96
85560,23:46:00,3,4094.5,99.96
85590,23:46:30,3,4094.5,99.96
85620,23:47:00,3,4094.5,99.96
85650,23:47:30,3,4094.5,99.96
85680,23:48:00,3,4094.5,99.96
85710,23:48:30,3,4094.5,99.96
85740,23:49:00,3,4094.5,99.96
85770,23:49:30,3,4094.5,99.96
85800,23:50:00,3,4094.5,99.96
85830,23:50:30,3,4094.5,99.96
85860,23:51:00,3,4094.5,99.96
85890,23:51:30,3,4094.5,99.96
85920,23:52:00,3,4094.5,99.96
85950,23:52:30,3,4094.5,99.96
85980,23:53:00,3,4094.5,99.96
86010,23:53:30,3,4094.5,99.96
86040,23:54:00,3,4094.5,99.96
86070,23:54:30,3,4094.5,99.96
86100,23:55:00,3,4094.5,99.96
86130,23:55:30,3,4094.5,99.96
86160,23:56:00,3,4094.5,99.96
86190,23:56:30,3,4094.5,99.96
86220,23:57:00,3,4094.5,99.96
86250,23:57:30,3,4094.5,99.96
86280,23:58:00,3,4094.5,99.96
86310,23:58:30,3,4094.5,99.96
86340,23:59:00,3,4094.5,99.96
86370,23:59:30,3,4094.5,99.96
